SUP - ID Token SMACT;GAREENT - Code Gare Entrée;GARESOR - Code Gare Sortie;GAREENT - Libellé Gare Entrée;GARESOR - Libellé Gare Sortie;DATEENT - Date Entrée;DATESOR - Date Sortie (caractères)
25004902265700003;211;220;AVIGNON-N;LANCON;20120102140646;20120102143146
25004902265700003;220;211;LANCON;AVIGNON-N;20120102171044;20120102173524
25004902265700003;211;220;AVIGNON-N;LANCON;20120102175154;20120102181908
25004902265700003;220;211;LANCON;AVIGNON-N;20120105000246;20120105002711
25004902265700003;211;210;AVIGNON-N;ORANGE;20120106175244;20120106180534
25004902265700003;210;211;ORANGE;AVIGNON-N;20120106192438;20120106193524
25004902265700003;211;218;AVIGNON-N;ORANGE-S;20120109122208;20120109123029
25004902265700003;218;211;ORANGE-S;AVIGNON-N;20120109140240;20120109141142
25004902265700003;211;218;AVIGNON-N;ORANGE-S;20120113130220;20120113131035
25004902265700003;218;211;ORANGE-S;AVIGNON-N;20120113142534;20120113143351
25004902265700003;211;210;AVIGNON-N;ORANGE;20120116122916;20120116124047
25004902265700003;210;211;ORANGE;AVIGNON-N;20120116135630;20120116140844
25004902265700003;222;226;REMOULINS;MONTPELLIER 1;20120119155052;20120119161243
25004902265700003;331;354;MONTPELLIER 2;TOULOUSE-SUD/OUEST;20120119163106;20120119182004
25004902265700003;355;331;TOULOUSE-SUD/EST;MONTPELLIER 2;20120120151616;20120120170435
25004902265700003;226;222;MONTPELLIER 1;REMOULINS;20120120174810;20120120181038
25004902265700003;211;220;AVIGNON-N;LANCON;20120122215106;20120122221538
25004902265700003;541;535;VIRSAC;NIORT-S;20120123193932;20120123205424
25004902265700003;220;211;LANCON;AVIGNON-N;20120125201938;20120125204502
25004902265700003;211;210;AVIGNON-N;ORANGE;20120130184418;20120130185548
25004902265700003;210;218;ORANGE;ORANGE-S;20120130193846;20120130194238
25004902265700003;218;211;ORANGE-S;AVIGNON-N;20120131095412;20120131100308
25004902265700003;211;210;AVIGNON-N;ORANGE;20120131195856;20120131201003
25004902265700003;210;220;ORANGE;LANCON;20120131205246;20120131212731
25004902265700003;220;211;LANCON;AVIGNON-N;20120203200206;20120203202528
25004902265700003;211;220;AVIGNON-N;LANCON;20120220195504;20120220202037
25004902265700003;220;211;LANCON;AVIGNON-N;20120222193710;20120222200408
25004902265700003;218;210;ORANGE-S;ORANGE;20120225111038;20120225111404
25004902265700003;211;201;AVIGNON-N;VIENNE;20120227102810;20120227120315
25004902265700003;201;218;VIENNE;ORANGE-S;20120229200650;20120229212957
25004902265700003;211;220;AVIGNON-N;LANCON;20120301163412;20120301165933
25004902265700003;220;211;LANCON;AVIGNON-N;20120304164310;20120304170822
25004902265700003;218;210;ORANGE-S;ORANGE;20120309214650;20120309215019
25004902265700003;211;220;AVIGNON-N;LANCON;20120313203930;20120313210517
25004902265700003;220;211;LANCON;AVIGNON-N;20120316202050;20120316204745
25004902265700003;211;220;AVIGNON-N;LANCON;20120320184806;20120320191036
25004902265700003;220;211;LANCON;AVIGNON-N;20120321233630;20120322000140
25004902265700003;211;210;AVIGNON-N;ORANGE;20120322104404;20120322105516
25004902265700003;210;211;ORANGE;AVIGNON-N;20120322125028;20120322130208
25004902265700003;211;210;AVIGNON-N;ORANGE;20120326181938;20120326183128
25004902265700003;210;218;ORANGE;ORANGE-S;20120326200330;20120326200711
25004902265700003;211;210;AVIGNON-N;ORANGE;20120328135212;20120328140346
25004902265700003;210;211;ORANGE;AVIGNON-N;20120328144138;20120328145306
25004902265700003;211;218;AVIGNON-N;ORANGE-S;20120403193428;20120403194246
25004902265700003;218;220;ORANGE-S;LANCON;20120404050532;20120404053641
25004902265700003;220;211;LANCON;AVIGNON-N;20120406164902;20120406171257
25004902265700003;211;220;AVIGNON-N;LANCON;20120410125640;20120410132138
25004902265700003;220;210;LANCON;ORANGE;20120411184756;20120411192350
25004902265700003;210;211;ORANGE;AVIGNON-N;20120411203538;20120411204840
25004902265700003;211;210;AVIGNON-N;ORANGE;20120411235830;20120412001004
25004902265700003;210;211;ORANGE;AVIGNON-N;20120412081642;20120412082841
25004902265700003;211;218;AVIGNON-N;ORANGE-S;20120412120902;20120412121829
25004902265700003;210;211;ORANGE;AVIGNON-N;20120412134704;20120412135903
25004902265700003;218;211;ORANGE-S;AVIGNON-N;20120413053432;20120413054311
25004902265700003;211;210;AVIGNON-N;ORANGE;20120413195942;20120413201122
25004902265700003;210;218;ORANGE;ORANGE-S;20120413212808;20120413213158
25004902265700003;211;218;AVIGNON-N;ORANGE-S;20120414231328;20120414232226
25004902265700003;210;226;ORANGE;MONTPELLIER 1;20120415191744;20120415195112
25004902265700003;226;210;MONTPELLIER 1;ORANGE;20120415234824;20120416002206
25004902265700003;218;211;ORANGE-S;AVIGNON-N;20120416080806;20120416081737
25004902265700003;211;210;AVIGNON-N;ORANGE;20120416083736;20120416084854
25004902265700003;210;226;ORANGE;MONTPELLIER 1;20120416084944;20120416092254
25004902265700003;226;224;MONTPELLIER 1;NIMES-O;20120416155802;20120416160811
25004902265700003;223;222;NIMES-E;REMOULINS;20120416184738;20120416185741
25004902265700003;211;218;AVIGNON-N;ORANGE-S;20120418204652;20120418205559
25004902265700003;218;210;ORANGE-S;ORANGE;20120419211132;20120419211442
25004902265700003;218;211;ORANGE-S;AVIGNON-N;20120420080138;20120420081018
25004902265700003;211;220;AVIGNON-N;LANCON;20120420183342;20120420185812
25004902265700003;220;211;LANCON;AVIGNON-N;20120424204348;20120424210737
25004902265700003;218;211;ORANGE-S;AVIGNON-N;20120425081304;20120425082202
25004902265700003;211;218;AVIGNON-N;ORANGE-S;20120426010930;20120426011812
25004902265700003;218;220;ORANGE-S;LANCON;20120502045144;20120502052338
25004902265700003;220;211;LANCON;AVIGNON-N;20120504212440;20120504214906
25004902265700003;211;210;AVIGNON-N;ORANGE;20120505163652;20120505164800
25004902265700003;210;218;ORANGE;ORANGE-S;20120505172658;20120505173045
25004902265700003;211;218;AVIGNON-N;ORANGE-S;20120508172930;20120508173813
25004902265700003;211;220;AVIGNON-N;LANCON;20120509190322;20120509192715
25004902265700003;220;211;LANCON;AVIGNON-N;20120510184450;20120510191054
25004902265700003;210;211;ORANGE;AVIGNON-N;20120511073406;20120511074610
25004902265700003;211;210;AVIGNON-N;ORANGE;20120514170642;20120514171833
25004902265700003;210;201;ORANGE;VIENNE;20120514172956;20120514184201
25004902265700003;201;218;VIENNE;ORANGE-S;20120516201922;20120516220807
25004902265700003;210;211;ORANGE;AVIGNON-N;20120521080352;20120521081512
25004902265700003;211;220;AVIGNON-N;LANCON;20120524163604;20120524170146
25004902265700003;622;691;SAMES;LESCAR;20120525173956;20120525181329
25004902265700003;220;211;LANCON;AVIGNON-N;20120525220456;20120525222943
25004902265700003;211;220;AVIGNON-N;LANCON;20120526113842;20120526120221
25004902265700003;220;211;LANCON;AVIGNON-N;20120528162246;20120528164808
25004902265700003;210;220;ORANGE;LANCON;20120529052230;20120529055625
25004902265700003;220;211;LANCON;AVIGNON-N;20120603182558;20120603184908
25004902265700003;211;220;AVIGNON-N;LANCON;20120605182850;20120605185406
25004902265700003;541;535;VIRSAC;NIORT-S;20120606220842;20120606231903
25004902265700003;535;541;NIORT-S;VIRSAC;20120608140610;20120608151347
25004902265700003;220;211;LANCON;AVIGNON-N;20120608184014;20120608190707
25004902265700003;211;220;AVIGNON-N;LANCON;20120611053242;20120611055713
25004902265700003;691;690;LESCAR;ARTIX;20120611085648;20120611090450
25004902265700003;690;622;ARTIX;SAMES;20120611191524;20120611194422
25004902265700003;220;211;LANCON;AVIGNON-N;20120612204356;20120612210915
25004902265700003;211;210;AVIGNON-N;ORANGE;20120613200918;20120613202227
25004902265700003;210;218;ORANGE;ORANGE-S;20120613214954;20120613215341
25004902265700003;211;220;AVIGNON-N;LANCON;20120615152610;20120615155135
25004902265700003;220;211;LANCON;AVIGNON-N;20120618002134;20120618004447
25004902265700003;211;210;AVIGNON-N;ORANGE;20120622123020;20120622124159
25004902265700003;210;211;ORANGE;AVIGNON-N;20120622141034;20120622142201
25004902265700003;211;210;AVIGNON-N;ORANGE;20120627201404;20120627202520
25004902265700003;210;218;ORANGE;ORANGE-S;20120627203530;20120627203921
25004902265700003;210;211;ORANGE;AVIGNON-N;20120628091344;20120628092619
25004902265700003;210;226;ORANGE;MONTPELLIER 1;20120703062902;20120703070315
25004902265700003;331;351;MONTPELLIER 2;VILLEFRANCHE;20120703072128;20120703090955
25004902265700003;351;331;VILLEFRANCHE;MONTPELLIER 2;20120703172338;20120703185657
25004902265700003;226;222;MONTPELLIER 1;REMOULINS;20120703191520;20120703193634
25004902265700003;218;210;ORANGE-S;ORANGE;20120707115334;20120707115653
25004902265700003;217;211;ORANGE-N;AVIGNON-N;20120707151028;20120707152420
25004902265700003;211;210;AVIGNON-N;ORANGE;20120708003046;20120708004222
25004902265700003;210;218;ORANGE;ORANGE-S;20120708112656;20120708113133
25004902265700003;211;220;AVIGNON-N;LANCON;20120709082840;20120709085327
25004902265700003;541;535;VIRSAC;NIORT-S;20120709115230;20120709131059
25004902265700003;535;541;NIORT-S;VIRSAC;20120710192104;20120710203441
25004902265700003;220;211;LANCON;AVIGNON-N;20120710233006;20120710235544
25004902265700003;211;210;AVIGNON-N;ORANGE;20120712200716;20120712202419
25004902265700003;218;204;ORANGE-S;VALENCE-N;20120713073656;20120713084236
25004902265700003;204;211;VALENCE-N;AVIGNON-N;20120713144510;20120713160529
25004902265700003;211;210;AVIGNON-N;ORANGE;20120713181502;20120713182708
25004902265700003;210;226;ORANGE;MONTPELLIER 1;20120713190620;20120713194217
25004902265700003;331;354;MONTPELLIER 2;TOULOUSE-SUD/OUEST;20120713201254;20120713224627
25004902265700003;650;622;LESTELLE;SAMES;20120713235458;20120714012951
25004902265700003;622;650;SAMES;LESTELLE;20120716143024;20120716155549
25004902265700003;354;331;TOULOUSE-SUD/OUEST;MONTPELLIER 2;20120716163520;20120716185654
25004902265700003;226;210;MONTPELLIER 1;ORANGE;20120716191448;20120716194853
25004902265700003;210;211;ORANGE;AVIGNON-N;20120719151710;20120719152853
25004902265700003;211;220;AVIGNON-N;LANCON;20120726142748;20120726145237
25004902265700003;220;211;LANCON;AVIGNON-N;20120727213536;20120727220018
25004902265700003;211;220;AVIGNON-N;LANCON;20120731082620;20120731085122
25004902265700003;541;544;VIRSAC;CABARIOT;20120731115020;20120731124828
25004902265700003;535;541;NIORT-S;VIRSAC;20120801191622;20120801202313
25004902265700003;220;211;LANCON;AVIGNON-N;20120803220106;20120803222553
25004902265700003;218;210;ORANGE-S;ORANGE;20120806200956;20120806201321
25004902265700003;210;211;ORANGE;AVIGNON-N;20120807083532;20120807084707
25004902265700003;210;211;ORANGE;AVIGNON-N;20120810093934;20120810095059
25004902265700003;218;210;ORANGE-S;ORANGE;20120810211850;20120810212210
25004902265700003;210;201;ORANGE;VIENNE;20120811060056;20120811073608
25004902265700003;179;170;VEAUCHETTE;LES MARTRES ARTIERE;20120811081706;20120811092002
25004902265700003;170;179;LES MARTRES ARTIERE;VEAUCHETTE;20120824173346;20120824184956
25004902265700003;201;218;VIENNE;ORANGE-S;20120824194034;20120824213820
25004902265700003;211;220;AVIGNON-N;LANCON;20120828143024;20120828145548
25004902265700003;622;690;SAMES;ARTIX;20120830083117;20120830090124
25004902265700003;690;691;ARTIX;LESCAR;20120830184926;20120830185744
25004902265700003;220;211;LANCON;AVIGNON-N;20120830213604;20120830220246
25004902265700003;218;210;ORANGE-S;ORANGE;20120901160814;20120901163148
25004902265700003;210;226;ORANGE;MONTPELLIER 1;20120901172904;20120901180403
25004902265700003;226;222;MONTPELLIER 1;REMOULINS;20120902001234;20120902003300
25004902265700003;218;210;ORANGE-S;ORANGE;20120903211614;20120903211923
25004902265700003;210;218;ORANGE;ORANGE-S;20120904082838;20120904083247
25004902265700003;211;220;AVIGNON-N;LANCON;20120904090412;20120904092858
25004902265700003;541;535;VIRSAC;NIORT-S;20120905192754;20120905204323
25004902265700003;220;211;LANCON;AVIGNON-N;20120906235618;20120907002103
25004902265700003;211;205;AVIGNON-N;VALENCE-S;20120917081352;20120917091342
25004902265700003;205;211;VALENCE-S;AVIGNON-N;20120917184132;20120917193500
25004902265700003;211;212;AVIGNON-N;AVIGNON-S;20120919204426;20120919204958
25004902265700003;211;220;AVIGNON-N;LANCON;20120925182632;20120925185147
25004902265700003;220;211;LANCON;AVIGNON-N;20120926235720;20120927002228
25004902265700003;211;202;AVIGNON-N;CHANAS;20120928111322;20120928123245
25004902265700003;202;201;CHANAS;VIENNE;20120928124810;20120928125838
25004902265700003;201;211;VIENNE;AVIGNON-N;20120928145612;20120928185259
25004902265700003;211;220;AVIGNON-N;LANCON;20121002182724;20121002185142
25004902265700003;220;211;LANCON;AVIGNON-N;20121003184928;20121003191441
25004902265700003;211;220;AVIGNON-N;LANCON;20121004161032;20121004163541
25004902265700003;220;211;LANCON;AVIGNON-N;20121005211500;20121005214535
25004902265700003;212;220;AVIGNON-S;LANCON;20121009191106;20121009193220
25004902265700003;211;220;AVIGNON-N;LANCON;20121022090532;20121022093040
25004902265700003;557;535;BIGNON;NIORT-S;20121022125040;20121022142153
25004902265700003;535;541;NIORT-S;VIRSAC;20121023074124;20121023090416
25004902265700003;220;211;LANCON;AVIGNON-N;20121023185628;20121023192129
25004902265700003;211;220;AVIGNON-N;LANCON;20121024184500;20121024191032
25004902265700003;220;213;LANCON;CAVAILLON;20121026193848;20121026195206
25004902265700003;211;220;AVIGNON-N;LANCON;20121027144652;20121027151219
25004902265700003;220;211;LANCON;AVIGNON-N;20121028152710;20121028155201
25004902265700003;541;562;VIRSAC;BEAULIEU SUR LAYON;20121108171048;20121108200726
25004902265700003;220;211;LANCON;AVIGNON-N;20121111194928;20121111201418
25004902265700003;210;211;ORANGE;AVIGNON-N;20121115154616;20121115155907
25004902265700003;222;226;REMOULINS;MONTPELLIER 1;20121119182700;20121119185113
25004902265700003;226;222;MONTPELLIER 1;REMOULINS;20121120160958;20121120163251
25004902265700003;211;210;AVIGNON-N;ORANGE;20121121175552;20121121180908
25004902265700003;210;226;ORANGE;MONTPELLIER 1;20121121181046;20121121184752
25004902265700003;331;351;MONTPELLIER 2;VILLEFRANCHE;20121121190704;20121121204857
25004902265700003;351;331;VILLEFRANCHE;MONTPELLIER 2;20121122172902;20121122190403
25004902265700003;226;222;MONTPELLIER 1;REMOULINS;20121122192402;20121122194742
25004902265700003;218;210;ORANGE-S;ORANGE;20121124112716;20121124113043
25004902265700003;210;218;ORANGE;ORANGE-S;20121125192126;20121125192553
25004902265700003;212;220;AVIGNON-S;LANCON;20121127121214;20121127123316
25004902265700003;211;220;AVIGNON-N;LANCON;20121202224324;20121202230826
25004902265700003;220;211;LANCON;AVIGNON-N;20121203192624;20121203195215
25004902265700003;211;220;AVIGNON-N;LANCON;20121220083010;20121220085417
25004902265700003;220;211;LANCON;AVIGNON-N;20121221172434;20121221174944
25004902265700003;211;209;AVIGNON-N;BOLLENE;20121222224514;20121222230506
25004902265700003;209;210;BOLLENE;ORANGE;20121223031948;20121223033157
25004902265700003;209;218;BOLLENE;ORANGE-S;20121223144830;20121223150302
25004902265700003;218;210;ORANGE-S;ORANGE;20121223150314;20121223150645
25004902265700003;210;211;ORANGE;AVIGNON-N;20121223164026;20121223165210
25004902265700003;211;210;AVIGNON-N;ORANGE;20121223223548;20121223224745
25004902265700003;210;211;ORANGE;AVIGNON-N;20121224100824;20121224102031
25004902265700003;211;210;AVIGNON-N;ORANGE;20121224181728;20121224182932
25004902265700003;210;218;ORANGE;ORANGE-S;20121225205342;20121225205748
25004902265700003;211;210;AVIGNON-N;ORANGE;20121226084134;20121226085247
25004902265700003;210;211;ORANGE;AVIGNON-N;20121226090016;20121226091147
25004902265700003;222;226;REMOULINS;MONTPELLIER 1;20121229181144;20121229183138
25004902265700003;331;345;MONTPELLIER 2;LE PERTHUS;20121229184936;20121229201620
25004902265700003;345;331;LE PERTHUS;MONTPELLIER 2;20130101182516;20130101194048
25004902265700003;226;222;MONTPELLIER 1;REMOULINS;20130101195922;20130101202034
25004902265700003;218;210;ORANGE-S;ORANGE;20130102200052;20130102200505
25004902265700003;210;220;ORANGE;LANCON;20130102201850;20130102205345
25004902265700003;220;211;LANCON;AVIGNON-N;20130105214218;20130105220738
25004902265700003;210;218;ORANGE;ORANGE-S;20130106182648;20130106183100
25004902265700003;211;220;AVIGNON-N;LANCON;20130108182420;20130108184925
25004902265700003;541;535;VIRSAC;NIORT-S;20130108220358;20130108231400
25004902265700003;535;541;NIORT-S;VIRSAC;20130109194856;20130109205531
25004902265700003;468;457;SAINT-SELVE;TOULOUSE-NORD/OUEST;20130110181214;20130110200443
25004902265700003;220;211;LANCON;AVIGNON-N;20130111202544;20130111204702
25004902265700003;211;209;AVIGNON-N;BOLLENE;20130113101620;20130113103654
25004902265700003;209;218;BOLLENE;ORANGE-S;20130113115212;20130113120520
25004902265700003;211;220;AVIGNON-N;LANCON;20130115164032;20130115170520
25004902265700003;220;211;LANCON;AVIGNON-N;20130117234200;20130118000621
25004902265700003;222;226;REMOULINS;MONTPELLIER 1;20130122061048;20130122063051
25004902265700003;331;351;MONTPELLIER 2;VILLEFRANCHE;20130122064840;20130122082921
25004902265700003;351;354;VILLEFRANCHE;TOULOUSE-SUD/OUEST;20130122164518;20130122165645
25004902265700003;557;555;BIGNON;MONTAIGU;20130123225658;20130123230753
25004902265700003;555;554;MONTAIGU;LES ESSARTS;20130124074004;20130124075303
25004902265700003;201;218;VIENNE;ORANGE-S;20130124220536;20130124234939
25004902265700003;211;220;AVIGNON-N;LANCON;20130205183314;20130205185826
25004902265700003;220;211;LANCON;AVIGNON-N;20130208191746;20130208194212
25004902265700003;211;210;AVIGNON-N;ORANGE;20130209152440;20130209153555
25004902265700003;210;211;ORANGE;AVIGNON-N;20130209155242;20130209160328
25004902265700003;211;220;AVIGNON-N;LANCON;20130212183808;20130212190317
25004902265700003;557;549;BIGNON;NIORT OUEST;20130212221832;20130212231158
25004902265700003;220;211;LANCON;AVIGNON-N;20130214201006;20130214203519
25004902265700003;211;220;AVIGNON-N;LANCON;20130221070414;20130221072845
25004902265700003;650;644;LESTELLE;LANNEMEZAN;20130221105914;20130221112142
25004902265700003;644;695;LANNEMEZAN;TARBES OUEST;20130221120326;20130221122408
25004902265700003;695;692;TARBES OUEST;PAU CENTRE;20130221210014;20130221212027
25004902265700003;692;650;PAU CENTRE;LESTELLE;20130222160548;20130222165803
25004902265700003;220;211;LANCON;AVIGNON-N;20130222202348;20130222204822
25004902265700003;211;220;AVIGNON-N;LANCON;20130227183732;20130227190211
25004902265700003;541;537;VIRSAC;SAINTES;20130227224542;20130227232540
25004902265700003;537;544;SAINTES;CABARIOT;20130228174940;20130228180435
25004902265700003;552;557;STE HERMINE;BIGNON;20130301150724;20130301154508
25004902265700003;220;213;LANCON;CAVAILLON;20130301192028;20130301193443
25004902265700003;211;220;AVIGNON-N;LANCON;20130302174512;20130302181023
25004902265700003;220;211;LANCON;AVIGNON-N;20130302193706;20130302200046
25004902265700003;211;210;AVIGNON-N;ORANGE;20130302210314;20130302211414
25004902265700003;210;225;ORANGE;GALLARGUES (F);20130302220358;20130302223702
25004902265700003;225;210;GALLARGUES (F);ORANGE;20130303155410;20130303162815
25004902265700003;210;211;ORANGE;AVIGNON-N;20130303163802;20130303164914
25004902265700003;211;220;AVIGNON-N;LANCON;20130305181224;20130305183911
25004902265700003;220;211;LANCON;AVIGNON-N;20130307211942;20130307214629
25004902265700003;211;210;AVIGNON-N;ORANGE;20130308183556;20130308184731
25004902265700003;210;218;ORANGE;ORANGE-S;20130308193816;20130308194157
25004902265700003;211;220;AVIGNON-N;LANCON;20130315191922;20130315194242
25004902265700003;220;211;LANCON;AVIGNON-N;20130318013118;20130318015723
25004902265700003;211;220;AVIGNON-N;LANCON;20130319183828;20130319190324
25004902265700003;557;549;BIGNON;NIORT OUEST;20130319220242;20130319230352
25004902265700003;535;557;NIORT-S;BIGNON;20130320194414;20130320210515
25004902265700003;220;211;LANCON;AVIGNON-N;20130320234854;20130321001240
25004902265700003;212;220;AVIGNON-S;LANCON;20130326184008;20130326185920
25004902265700003;457;459;TOULOUSE-NORD/OUEST;MONTAUBAN;20130326212334;20130326214045
25004902265700003;401;407;MONTAUBAN NORD;GIGNAC;20130326215156;20130326225037
25004902265700003;222;226;REMOULINS;MONTPELLIER 1;20130401122502;20130401124921
25004902265700003;226;222;MONTPELLIER 1;REMOULINS;20130401171928;20130401174109
25004902265700003;211;220;AVIGNON-N;LANCON;20130402182326;20130402184743
25004902265700003;220;210;LANCON;ORANGE;20130405165330;20130405173145
25004902265700003;210;218;ORANGE;ORANGE-S;20130405193940;20130405194333
25004902265700003;211;220;AVIGNON-N;LANCON;20130408183602;20130408190148
25004902265700003;468;462;SAINT-SELVE;AGEN;20130409190056;20130409195420
25004902265700003;462;457;AGEN;TOULOUSE-NORD/OUEST;20130410171018;20130410175940
25004902265700003;220;211;LANCON;AVIGNON-N;20130410201850;20130410204254
25004902265700003;211;220;AVIGNON-N;LANCON;20130418154734;20130418161245
25004902265700003;220;211;LANCON;AVIGNON-N;20130429000750;20130429003247
25004902265700003;211;220;AVIGNON-N;LANCON;20130502044604;20130502051004
25004902265700003;220;211;LANCON;AVIGNON-N;20130503213408;20130503215928
25004902265700003;211;210;AVIGNON-N;ORANGE;20130504191246;20130504192356
25004902265700003;210;211;ORANGE;AVIGNON-N;20130504204826;20130504205932
25004902265700003;222;226;REMOULINS;MONTPELLIER 1;20130507204048;20130507210128
25004902265700003;331;354;MONTPELLIER 2;TOULOUSE-SUD/OUEST;20130507212852;20130507231915
25004902265700003;650;622;LESTELLE;SAMES;20130508000224;20130508013225
25004902265700003;624;650;PEYREHORADE;LESTELLE;20130511190204;20130511202633
25004902265700003;354;331;TOULOUSE-SUD/OUEST;MONTPELLIER 2;20130511220217;20130511234728
25004902265700003;226;222;MONTPELLIER 1;REMOULINS;20130512000454;20130512002545
25004902265700003;211;220;AVIGNON-N;LANCON;20130513140612;20130513143056
25004902265700003;220;211;LANCON;AVIGNON-N;20130516000828;20130516003442
25004902265700003;211;210;AVIGNON-N;ORANGE;20130516191638;20130516192907
25004902265700003;210;211;ORANGE;AVIGNON-N;20130516201514;20130516202655
25004902265700003;211;220;AVIGNON-N;LANCON;20130521192118;20130521194516
25004902265700003;220;211;LANCON;AVIGNON-N;20130523165552;20130523172144
25004902265700003;211;212;AVIGNON-N;AVIGNON-S;20130527201434;20130527202018
25004902265700003;211;220;AVIGNON-N;LANCON;20130603183744;20130603190224
25004902265700003;532;557;POITIERS-S;BIGNON;20130606142624;20130606155747
25004902265700003;220;211;LANCON;AVIGNON-N;20130606192516;20130606195102
25004902265700003;211;220;AVIGNON-N;LANCON;20130610154632;20130610161210
25004902265700003;468;456;SAINT-SELVE;TOULOUSE-NORD/EST;20130612173250;20130612191354
25004902265700003;355;331;TOULOUSE-SUD/EST;MONTPELLIER 2;20130612192454;20130612211931
25004902265700003;226;262;MONTPELLIER 1;ARLES;20130612215524;20130612221554
25004902265700003;265;220;SAINT MARTIN DE CRAU;LANCON;20130612223214;20130612224616
25004902265700003;220;211;LANCON;AVIGNON-N;20130612232824;20130612235200
25004902265700003;211;220;AVIGNON-N;LANCON;20130613181438;20130613183926
25004902265700003;220;211;LANCON;AVIGNON-N;20130617000558;20130617003056
25004902265700003;211;220;AVIGNON-N;LANCON;20130619053816;20130619060202
25004902265700003;692;690;PAU CENTRE;ARTIX;20130619160048;20130619161209
25004902265700003;690;622;ARTIX;SAMES;20130619184054;20130619191020
25004902265700003;220;211;LANCON;AVIGNON-N;20130621104402;20130621110831
25004902265700003;211;201;AVIGNON-N;VIENNE;20130625211108;20130625225006
25004902265700003;182;181;ST ROMAIN POPEY;TARARE OUEST;20130626084430;20130626085120
25004902265700003;181;182;TARARE OUEST;ST ROMAIN POPEY;20130626162606;20130626163205
25004902265700003;201;211;VIENNE;AVIGNON-N;20130626173152;20130626185832
25004902265700003;211;210;AVIGNON-N;ORANGE;20130711193754;20130711194841
25004902265700003;210;226;ORANGE;MONTPELLIER 1;20130711195636;20130711202846
25004902265700003;331;354;MONTPELLIER 2;TOULOUSE-SUD/OUEST;20130711204534;20130711224341
25004902265700003;650;622;LESTELLE;SAMES;20130711233450;20130712010056
25004902265700003;622;650;SAMES;LESTELLE;20130714171436;20130714184032
25004902265700003;354;331;TOULOUSE-SUD/OUEST;MONTPELLIER 2;20130714192024;20130714211716
25004902265700003;226;210;MONTPELLIER 1;ORANGE;20130714213504;20130714220829
25004902265700003;210;218;ORANGE;ORANGE-S;20130714221008;20130714221420
25004902265700003;211;220;AVIGNON-N;LANCON;20130715185808;20130715192104
25004902265700003;541;538;VIRSAC;PONS;20130716084916;20130716091937
25004902265700003;538;540;PONS;SAINT-AUBIN;20130716091952;20130716093756
25004902265700003;540;541;SAINT-AUBIN;VIRSAC;20130716134854;20130716140332
25004902265700003;541;562;VIRSAC;BEAULIEU SUR LAYON;20130716185300;20130716213009
25004902265700003;557;555;BIGNON;MONTAIGU;20130718075146;20130718080145
25004902265700003;555;557;MONTAIGU;BIGNON;20130718163702;20130718164706
25004902265700003;220;213;LANCON;CAVAILLON;20130718212836;20130718214146
25004902265700003;211;220;AVIGNON-N;LANCON;20130724053858;20130724060316
25004902265700003;220;211;LANCON;AVIGNON-N;20130725212436;20130725214900
25004902265700003;211;220;AVIGNON-N;LANCON;20130727141532;20130727144120
25004902265700003;220;213;LANCON;CAVAILLON;20130728192746;20130728194115
25004902265700003;535;562;NIORT-S;BEAULIEU SUR LAYON;20130801191016;20130801204414
25004902265700003;220;212;LANCON;AVIGNON-S;20130802193818;20130802195849
25004902265700003;211;210;AVIGNON-N;ORANGE;20130804151454;20130804152701
25004902265700003;210;211;ORANGE;AVIGNON-N;20130804171132;20130804172401
25004902265700003;211;220;AVIGNON-N;LANCON;20130805153102;20130805155711
25004902265700003;220;211;LANCON;AVIGNON-N;20130807153502;20130807160111
25004902265700003;211;210;AVIGNON-N;ORANGE;20130809091040;20130809092220
25004902265700003;210;211;ORANGE;AVIGNON-N;20130809092852;20130809094054
25004902265700003;211;210;AVIGNON-N;ORANGE;20130809200616;20130809201737
25004902265700003;210;226;ORANGE;MONTPELLIER 1;20130809205756;20130809213200
25004902265700003;331;345;MONTPELLIER 2;LE PERTHUS;20130809215114;20130809231457
25004902265700003;345;331;LE PERTHUS;MONTPELLIER 2;20130818123216;20130818135038
25004902265700003;226;222;MONTPELLIER 1;REMOULINS;20130818141950;20130818144111
25004902265700003;222;226;REMOULINS;MONTPELLIER 1;20130818195806;20130818201833
25004902265700003;331;355;MONTPELLIER 2;TOULOUSE-SUD/EST;20130818203632;20130818224442
25004902265700003;456;459;TOULOUSE-NORD/EST;MONTAUBAN;20130818225536;20130818231115
25004902265700003;401;407;MONTAUBAN NORD;GIGNAC;20130818232258;20130819002026
25004902265700003;407;401;GIGNAC;MONTAUBAN NORD;20130826190448;20130826200101
25004902265700003;459;456;MONTAUBAN;TOULOUSE-NORD/EST;20130826201204;20130826212014
25004902265700003;355;331;TOULOUSE-SUD/EST;MONTPELLIER 2;20130826213116;20130826231601
25004902265700003;226;222;MONTPELLIER 1;REMOULINS;20130826233410;20130826235532
25004902265700003;211;220;AVIGNON-N;LANCON;20130902081832;20130902084418
25004902265700003;220;211;LANCON;AVIGNON-N;20130902220406;20130902222906
25004902265700003;211;220;AVIGNON-N;LANCON;20130903185410;20130903191912
25004902265700003;220;213;LANCON;CAVAILLON;20130905212854;20130905214356
25004902265700003;211;220;AVIGNON-N;LANCON;20130910170416;20130910172940
25004902265700003;220;211;LANCON;AVIGNON-N;20130915192756;20130915195256
25004902265700003;211;220;AVIGNON-N;LANCON;20130919053646;20130919060125
25004902265700003;220;211;LANCON;AVIGNON-N;20130919214938;20130919221608
25004902265700003;211;212;AVIGNON-N;AVIGNON-S;20130923182156;20130923182731
25004902265700003;213;220;CAVAILLON;LANCON;20130923191626;20130923193024
25004902265700003;541;535;VIRSAC;NIORT-S;20130924180202;20130924191148
25004902265700003;535;557;NIORT-S;BIGNON;20130925154938;20130925170659
25004902265700003;220;211;LANCON;AVIGNON-N;20130925192246;20130925194814
25004902265700003;211;220;AVIGNON-N;LANCON;20130926184352;20130926190920
25004902265700003;220;211;LANCON;AVIGNON-N;20130927192300;20130927194823
25004902265700003;211;220;AVIGNON-N;LANCON;20130930072358;20130930074912
25004902265700003;220;211;LANCON;AVIGNON-N;20131002192114;20131002194656
25004902265700003;211;209;AVIGNON-N;BOLLENE;20131004123928;20131004125949
25004902265700003;209;210;BOLLENE;ORANGE;20131004130000;20131004131104
25004902265700003;210;211;ORANGE;AVIGNON-N;20131004134220;20131004135258
25004902265700003;211;220;AVIGNON-N;LANCON;20131008185022;20131008191556
25004902265700003;220;211;LANCON;AVIGNON-N;20131011182040;20131011184551
25004902265700003;222;226;REMOULINS;MONTPELLIER 1;20131012122124;20131012124546
25004902265700003;226;222;MONTPELLIER 1;REMOULINS;20131012175732;20131012181751
25004902265700003;211;220;AVIGNON-N;LANCON;20131015183654;20131015190149
25004902265700003;220;211;LANCON;AVIGNON-N;20131018164100;20131018170627
25004902265700003;211;201;AVIGNON-N;VIENNE;20131023095412;20131023112410
25004902265700003;201;211;VIENNE;AVIGNON-N;20131023184358;20131023201238
25004902265700003;211;220;AVIGNON-N;LANCON;20131029142858;20131029145335
25004902265700003;220;211;LANCON;AVIGNON-N;20131031183858;20131031190424
25004902265700003;211;220;AVIGNON-N;LANCON;20131105053836;20131105060226
25004902265700003;220;211;LANCON;AVIGNON-N;20131106214122;20131106220601
25004902265700003;211;210;AVIGNON-N;ORANGE;20131109110210;20131109111359
25004902265700003;210;226;ORANGE;MONTPELLIER 1;20131109112152;20131109120101
25004902265700003;331;345;MONTPELLIER 2;LE PERTHUS;20131109121854;20131109141718
25004902265700003;345;331;LE PERTHUS;MONTPELLIER 2;20131111162720;20131111175643
25004902265700003;226;210;MONTPELLIER 1;ORANGE;20131111182354;20131111185953
25004902265700003;210;218;ORANGE;ORANGE-S;20131111190508;20131111190918
25004902265700003;211;220;AVIGNON-N;LANCON;20131112163838;20131112170405
25004902265700003;541;535;VIRSAC;NIORT-S;20131113190810;20131113202819
25004902265700003;535;557;NIORT-S;BIGNON;20131115135904;20131115153220
25004902265700003;220;211;LANCON;AVIGNON-N;20131115185900;20131115192201
25004902265700003;211;220;AVIGNON-N;LANCON;20131119184542;20131119191018
25004902265700003;220;211;LANCON;AVIGNON-N;20131122202418;20131122204846
25004902265700003;211;210;AVIGNON-N;ORANGE;20131123135532;20131123140655
25004902265700003;210;211;ORANGE;AVIGNON-N;20131123140932;20131123142102
25004902265700003;211;220;AVIGNON-N;LANCON;20131127183720;20131127190222
25004902265700003;220;211;LANCON;AVIGNON-N;20131129182204;20131129184856
25004902265700003;213;220;CAVAILLON;LANCON;20131203223320;20131203224753
25004902265700003;220;211;LANCON;AVIGNON-N;20131205201554;20131205204027
25004902265700003;211;212;AVIGNON-N;AVIGNON-S;20131209202520;20131209203133
25004902265700003;211;220;AVIGNON-N;LANCON;20131210090642;20131210093159
25004902265700003;220;211;LANCON;AVIGNON-N;20131213174052;20131213180642
25004902265700003;211;210;AVIGNON-N;ORANGE;20131216170358;20131216171537
25004902265700003;210;226;ORANGE;MONTPELLIER 1;20131216171622;20131216175217
25004902265700003;331;355;MONTPELLIER 2;TOULOUSE-SUD/EST;20131216181208;20131216204206
25004902265700003;456;462;TOULOUSE-NORD/EST;AGEN;20131216205300;20131216213849
25004902265700003;462;456;AGEN;TOULOUSE-NORD/EST;20131217174510;20131217183342
25004902265700003;355;339;TOULOUSE-SUD/EST;NARBONNE-SUD;20131217184454;20131217200043
25004902265700003;339;331;NARBONNE-SUD;MONTPELLIER 2;20131218161856;20131218170002
25004902265700003;226;222;MONTPELLIER 1;REMOULINS;20131218172126;20131218174616
25004902265700003;211;220;AVIGNON-N;LANCON;20131219130446;20131219132923
25004902265700003;220;212;LANCON;AVIGNON-S;20131219194030;20131219200153
25004902265700003;211;212;AVIGNON-N;AVIGNON-S;20131220195756;20131220200338
25004902265700003;222;226;REMOULINS;MONTPELLIER 1;20131225173242;20131225175342
25004902265700003;226;222;MONTPELLIER 1;REMOULINS;20131225190916;20131225193037
25004902265700003;222;226;REMOULINS;MONTPELLIER 1;20140101171212;20140101173238
25004902265700003;331;345;MONTPELLIER 2;LE PERTHUS;20140101175044;20140101191539
25004902265700003;345;331;LE PERTHUS;MONTPELLIER 2;20140104160450;20140104172044
25004902265700003;226;222;MONTPELLIER 1;REMOULINS;20140104173942;20140104180144
25004902265700003;211;220;AVIGNON-N;LANCON;20140107061114;20140107063609
25004902265700003;622;650;SAMES;LESTELLE;20140109132454;20140109145609
25004902265700003;354;331;TOULOUSE-SUD/OUEST;MONTPELLIER 2;20140109153726;20140109173207
25004902265700003;226;210;MONTPELLIER 1;ORANGE;20140109175106;20140109182658
25004902265700003;210;218;ORANGE;ORANGE-S;20140109182740;20140109183141
25004902265700003;212;218;AVIGNON-S;ORANGE-S;20140111170858;20140111172153
25004902265700003;220;212;LANCON;AVIGNON-S;20140124184816;20140124190858
25004902265700003;222;226;REMOULINS;MONTPELLIER 1;20140127092642;20140127095502
25004902265700003;331;339;MONTPELLIER 2;NARBONNE-SUD;20140127101300;20140127105410
25004902265700003;339;331;NARBONNE-SUD;MONTPELLIER 2;20140127142108;20140127150128
25004902265700003;226;222;MONTPELLIER 1;REMOULINS;20140127152342;20140127154502
25004902265700003;222;226;REMOULINS;MONTPELLIER 1;20140201150400;20140201152908
25004902265700003;226;222;MONTPELLIER 1;REMOULINS;20140201183230;20140201185405
25004902265700003;211;220;AVIGNON-N;LANCON;20140204080528;20140204082958
25004902265700003;557;555;BIGNON;MONTAIGU;20140204120634;20140204121803
25004902265700003;555;534;MONTAIGU;NIORT EST;20140204181024;20140204191128
25004902265700003;534;541;NIORT EST;VIRSAC;20140204194910;20140204211523
25004902265700003;541;537;VIRSAC;SAINTES;20140205175652;20140205184811
25004902265700003;537;535;SAINTES;NIORT-S;20140205192904;20140205200124
25004902265700003;535;541;NIORT-S;VIRSAC;20140206165010;20140206180452
25004902265700003;220;211;LANCON;AVIGNON-N;20140207182550;20140207185055
25004902265700003;211;220;AVIGNON-N;LANCON;20140208100734;20140208103208
25004902265700003;220;211;LANCON;AVIGNON-N;20140208120938;20140208123148
25004902265700003;211;209;AVIGNON-N;BOLLENE;20140215134724;20140215140752
25004902265700003;209;211;BOLLENE;AVIGNON-N;20140215155232;20140215161319
25004902265700003;211;209;AVIGNON-N;BOLLENE;20140215175036;20140215181133
25004902265700003;209;211;BOLLENE;AVIGNON-N;20140215190022;20140215192120
25004902265700003;211;220;AVIGNON-N;LANCON;20140218190712;20140218193340
25004902265700003;220;211;LANCON;AVIGNON-N;20140220214840;20140220221344
25004902265700003;211;220;AVIGNON-N;LANCON;20140224184418;20140224190955
25004902265700003;541;537;VIRSAC;SAINTES;20140224223706;20140224231808
25004902265700003;537;541;SAINTES;VIRSAC;20140227144448;20140227152644
25004902265700003;220;211;LANCON;AVIGNON-N;20140228212820;20140228215019
25004902265700003;222;225;REMOULINS;GALLARGUES (F);20140302081154;20140302083200
25004902265700003;226;222;MONTPELLIER 1;REMOULINS;20140302132008;20140302134005
25004902265700003;211;220;AVIGNON-N;LANCON;20140305053222;20140305055641
25004902265700003;220;211;LANCON;AVIGNON-N;20140306131840;20140306134334
25004902265700003;211;220;AVIGNON-N;LANCON;20140309132856;20140309135307
25004902265700003;220;211;LANCON;AVIGNON-N;20140309161912;20140309164401
25004902265700003;222;226;REMOULINS;MONTPELLIER 1;20140312182534;20140312184554
25004902265700003;331;354;MONTPELLIER 2;TOULOUSE-SUD/OUEST;20140312190438;20140312210016
25004902265700003;355;331;TOULOUSE-SUD/EST;MONTPELLIER 2;20140314145224;20140314164313
25004902265700003;226;222;MONTPELLIER 1;REMOULINS;20140314170252;20140314172505
25004902265700003;211;220;AVIGNON-N;LANCON;20140319073114;20140319075542
25004902265700003;220;211;LANCON;AVIGNON-N;20140321181742;20140321184115
25004902265700003;211;220;AVIGNON-N;LANCON;20140324112754;20140324115210
25004902265700003;220;211;LANCON;AVIGNON-N;20140325193246;20140325195826
25004902265700003;211;220;AVIGNON-N;LANCON;20140326080222;20140326082552
25004902265700003;220;211;LANCON;AVIGNON-N;20140330183358;20140330185854
25004902265700003;211;220;AVIGNON-N;LANCON;20140331090904;20140331093328
25004902265700003;220;211;LANCON;AVIGNON-N;20140402221326;20140402223806
25004902265700003;211;220;AVIGNON-N;LANCON;20140403082252;20140403084719
25004902265700003;220;212;LANCON;AVIGNON-S;20140404175944;20140404182052
25004902265700003;211;220;AVIGNON-N;LANCON;20140405065354;20140405071803
25004902265700003;220;211;LANCON;AVIGNON-N;20140405075502;20140405081946
25004902265700003;213;220;CAVAILLON;LANCON;20140406065534;20140406070934
25004902265700003;220;211;LANCON;AVIGNON-N;20140406084832;20140406091329
25004902265700003;211;220;AVIGNON-N;LANCON;20140407185846;20140407192335
25004902265700003;220;211;LANCON;AVIGNON-N;20140410183402;20140410185656
25004902265700003;211;220;AVIGNON-N;LANCON;20140411081002;20140411083419
25004902265700003;220;213;LANCON;CAVAILLON;20140411194116;20140411195559
25004902265700003;211;220;AVIGNON-N;LANCON;20140415073730;20140415080133
25004902265700003;220;211;LANCON;AVIGNON-N;20140418183520;20140418190043
25004902265700003;211;220;AVIGNON-N;LANCON;20140423145700;20140423152214
25004902265700003;220;211;LANCON;AVIGNON-N;20140423160714;20140423163359
25004902265700003;218;210;ORANGE-S;ORANGE;20140424100712;20140424101042
25004902265700003;210;212;ORANGE;AVIGNON-S;20140424201954;20140424203520
25004902265700003;211;210;AVIGNON-N;ORANGE;20140425093700;20140425094952
25004902265700003;210;211;ORANGE;AVIGNON-N;20140425195356;20140425200535
25004902265700003;211;220;AVIGNON-N;LANCON;20140426112418;20140426114831
25004902265700003;220;211;LANCON;AVIGNON-N;20140504000854;20140504003342
25004902265700003;211;220;AVIGNON-N;LANCON;20140505092536;20140505095059
25004902265700003;220;211;LANCON;AVIGNON-N;20140506185134;20140506191706
25004902265700003;211;201;AVIGNON-N;VIENNE;20140507105002;20140507121707
25004902265700003;201;211;VIENNE;AVIGNON-N;20140507160228;20140507173651
25004902265700003;211;220;AVIGNON-N;LANCON;20140512103950;20140512110440
25004902265700003;220;211;LANCON;AVIGNON-N;20140513201110;20140513203534
25004902265700003;211;220;AVIGNON-N;LANCON;20140514115718;20140514122122
25004902265700003;220;211;LANCON;AVIGNON-N;20140516185828;20140516192256
25004902265700003;211;220;AVIGNON-N;LANCON;20140518074816;20140518081225
25004902265700003;220;211;LANCON;AVIGNON-N;20140518090254;20140518092729
25004902265700003;211;220;AVIGNON-N;LANCON;20140519081040;20140519083658
25004902265700003;220;211;LANCON;AVIGNON-N;20140521223908;20140521230320
25004902265700003;211;220;AVIGNON-N;LANCON;20140523081046;20140523083450
25004902265700003;220;212;LANCON;AVIGNON-S;20140523182954;20140523185059
25004902265700003;222;226;REMOULINS;MONTPELLIER 1;20140525123656;20140525130251
25004902265700003;226;222;MONTPELLIER 1;REMOULINS;20140525171122;20140525173204
25004902265700003;211;220;AVIGNON-N;LANCON;20140526211152;20140526213605
25004902265700003;220;211;LANCON;AVIGNON-N;20140527200336;20140527202832
25004902265700003;211;220;AVIGNON-N;LANCON;20140531092458;20140531094901
25004902265700003;220;211;LANCON;AVIGNON-N;20140531192132;20140531194457
25004902265700003;211;220;AVIGNON-N;LANCON;20140602120910;20140602123329
25004902265700003;220;212;LANCON;AVIGNON-S;20140603192142;20140603194307
25004902265700003;211;220;AVIGNON-N;LANCON;20140604072518;20140604075027
25004902265700003;220;211;LANCON;AVIGNON-N;20140606183938;20140606190838
25004902265700003;211;201;AVIGNON-N;VIENNE;20140607093202;20140607105840
25004902265700003;179;170;VEAUCHETTE;LES MARTRES ARTIERE;20140607114058;20140607131026
25004902265700003;170;179;LES MARTRES ARTIERE;VEAUCHETTE;20140609133356;20140609143158
25004902265700003;201;211;VIENNE;AVIGNON-N;20140609151404;20140609163917
25004902265700003;211;220;AVIGNON-N;LANCON;20140610080958;20140610083443
25004902265700003;220;213;LANCON;CAVAILLON;20140610201434;20140610202859
25004902265700003;211;220;AVIGNON-N;LANCON;20140611080942;20140611083435
25004902265700003;220;211;LANCON;AVIGNON-N;20140613183850;20140613190629
25004902265700003;211;210;AVIGNON-N;ORANGE;20140614143410;20140614144549
25004902265700003;210;211;ORANGE;AVIGNON-N;20140614154110;20140614155244
25004902265700003;211;220;AVIGNON-N;LANCON;20140617071852;20140617074409
25004902265700003;220;211;LANCON;AVIGNON-N;20140618194530;20140618201016
25004902265700003;211;220;AVIGNON-N;LANCON;20140619074054;20140619080525
25004902265700003;220;211;LANCON;AVIGNON-N;20140620193846;20140620200258
25004902265700003;222;226;REMOULINS;MONTPELLIER 1;20140622113534;20140622120059
25004902265700003;226;222;MONTPELLIER 1;REMOULINS;20140622171510;20140622174545
25004902265700003;211;220;AVIGNON-N;LANCON;20140623122900;20140623125330
25004902265700003;220;211;LANCON;AVIGNON-N;20140625190536;20140625193007
25004902265700003;211;220;AVIGNON-N;LANCON;20140626075052;20140626081626
25004902265700003;220;212;LANCON;AVIGNON-S;20140626191728;20140626193916
25004902265700003;211;220;AVIGNON-N;LANCON;20140627140720;20140627143136
25004902265700003;220;211;LANCON;AVIGNON-N;20140629162722;20140629165158
25004902265700003;211;220;AVIGNON-N;LANCON;20140702072056;20140702074542
25004902265700003;220;211;LANCON;AVIGNON-N;20140704155518;20140704162046
25004902265700003;211;220;AVIGNON-N;LANCON;20140706150110;20140706152607
25004902265700003;220;211;LANCON;AVIGNON-N;20140706172512;20140706174923
25004902265700003;211;220;AVIGNON-N;LANCON;20140707072700;20140707075151
25004902265700003;220;211;LANCON;AVIGNON-N;20140711173134;20140711175910
25004902265700003;211;220;AVIGNON-N;LANCON;20140716074144;20140716080645
25004902265700003;220;211;LANCON;AVIGNON-N;20140718181818;20140718184327
25004902265700003;211;220;AVIGNON-N;LANCON;20140721080758;20140721083239
25004902265700003;220;213;LANCON;CAVAILLON;20140723194310;20140723195746
25004902265700003;213;220;CAVAILLON;LANCON;20140724072448;20140724073836
25004902265700003;220;213;LANCON;CAVAILLON;20140725190452;20140725192319
25004902265700003;213;220;CAVAILLON;LANCON;20140729071928;20140729073341
25004902265700003;220;213;LANCON;CAVAILLON;20140801175008;20140801181141
25004902265700003;213;220;CAVAILLON;LANCON;20140805075608;20140805081021
25004902265700003;220;213;LANCON;CAVAILLON;20140807182114;20140807183547
25004902265700003;213;220;CAVAILLON;LANCON;20140808082258;20140808083712
25004902265700003;220;213;LANCON;CAVAILLON;20140808174610;20140808180010
25004902265700003;222;226;REMOULINS;MONTPELLIER 1;20140809220154;20140809222744
25004902265700003;331;345;MONTPELLIER 2;LE PERTHUS;20140809224532;20140810000035
25004902265700003;345;355;LE PERTHUS;TOULOUSE-SUD/EST;20140817201206;20140817222421
25004902265700003;456;459;TOULOUSE-NORD/EST;MONTAUBAN;20140817223512;20140817225115
25004902265700003;401;407;MONTAUBAN NORD;GIGNAC;20140817230230;20140817235603
25004902265700003;170;179;LES MARTRES ARTIERE;VEAUCHETTE;20140824174112;20140824185749
25004902265700003;201;218;VIENNE;ORANGE-S;20140824194736;20140824215712
25004902265700003;213;220;CAVAILLON;LANCON;20140825132254;20140825133629
25004902265700003;220;211;LANCON;AVIGNON-N;20140825185012;20140825191517
25004902265700003;213;220;CAVAILLON;LANCON;20140901071756;20140901073209
25004902265700003;220;213;LANCON;CAVAILLON;20140904181158;20140904182644
25004902265700003;211;201;AVIGNON-N;VIENNE;20140908105734;20140908123001
25004902265700003;201;211;VIENNE;AVIGNON-N;20140908163254;20140908175843
25004902265700003;213;220;CAVAILLON;LANCON;20140909072622;20140909074037
25004902265700003;220;213;LANCON;CAVAILLON;20140911194434;20140911195918
25004902265700003;211;220;AVIGNON-N;LANCON;20140912081856;20140912084329
25004902265700003;211;220;AVIGNON-N;LANCON;20140915081034;20140915083419
25004902265700003;220;213;LANCON;CAVAILLON;20140915200542;20140915202044
25004902265700003;211;214;AVIGNON-N;SENAS;20140916081842;20140916083417
25004902265700003;214;212;SENAS;AVIGNON-S;20140916180114;20140916181304
25004902265700003;211;220;AVIGNON-N;LANCON;20140922135622;20140922142133
25004902265700003;220;218;LANCON;ORANGE-S;20140923191002;20140923194133
25004902265700003;210;218;ORANGE;ORANGE-S;20140923200730;20140923201125
25004902265700003;211;220;AVIGNON-N;LANCON;20140924114728;20140924121125
25004902265700003;220;211;LANCON;AVIGNON-N;20141003181134;20141003183729
25004902265700003;211;220;AVIGNON-N;LANCON;20141003194328;20141003200636
25004902265700003;220;213;LANCON;CAVAILLON;20141005215848;20141005221234
25004902265700003;211;220;AVIGNON-N;LANCON;20141006180028;20141006182515
25004902265700003;220;211;LANCON;AVIGNON-N;20141009193456;20141009200058
25004902265700003;211;201;AVIGNON-N;VIENNE;20141010093114;20141010110522
25004902265700003;201;211;VIENNE;AVIGNON-N;20141010165316;20141010181954
25004902265700003;211;220;AVIGNON-N;LANCON;20141010210808;20141010213124
25004902265700003;220;213;LANCON;CAVAILLON;20141012212706;20141012214042
25004902265700003;211;220;AVIGNON-N;LANCON;20141013115114;20141013121541
25004902265700003;220;213;LANCON;CAVAILLON;20141022175136;20141022180546
25004902265700003;211;220;AVIGNON-N;LANCON;20141023181342;20141023183748
25004902265700003;220;211;LANCON;AVIGNON-N;20141028103836;20141028110352
25004902265700003;211;220;AVIGNON-N;LANCON;20141028201042;20141028203502
25004902265700003;220;211;LANCON;AVIGNON-N;20141030063308;20141030065721
25004902265700003;213;220;CAVAILLON;LANCON;20141030183348;20141030184902
25004902265700003;220;213;LANCON;CAVAILLON;20141102211606;20141102212939
25004902265700003;211;214;AVIGNON-N;SENAS;20141103081432;20141103083027
25004902265700003;220;211;LANCON;AVIGNON-N;20141114135954;20141114142356
25004902265700003;211;220;AVIGNON-N;LANCON;20141114210638;20141114213005
25004902265700003;220;213;LANCON;CAVAILLON;20141116213818;20141116215213
25004902265700003;211;220;AVIGNON-N;LANCON;20141117130902;20141117133302
25004902265700003;220;211;LANCON;AVIGNON-N;20141128114642;20141128121118
25004902265700003;211;220;AVIGNON-N;LANCON;20141128211034;20141128213452
25004902265700003;220;213;LANCON;CAVAILLON;20141130204030;20141130205436
25004902265700003;211;220;AVIGNON-N;LANCON;20141201081820;20141201084324
25004902265700003;220;211;LANCON;AVIGNON-N;20141203173816;20141203180312
25004902265700003;211;220;AVIGNON-N;LANCON;20141203191718;20141203194142
25004902265700003;220;211;LANCON;AVIGNON-N;20141205074156;20141205080645
25004902265700003;211;220;AVIGNON-N;LANCON;20141205161740;20141205164142
25004902265700003;211;220;AVIGNON-N;LANCON;20141212211712;20141212213918
25004902265700003;220;211;LANCON;AVIGNON-N;20141214212550;20141214215024
25004902265700003;211;220;AVIGNON-N;LANCON;20141215111232;20141215113641
25004902265700003;220;211;LANCON;AVIGNON-N;20141217175708;20141217182138
25004902265700003;213;220;CAVAILLON;LANCON;20141217213104;20141217214356
25004902265700003;220;265;LANCON;SAINT MARTIN DE CRAU;20141220181146;20141220182630
25004902265700003;262;226;ARLES;MONTPELLIER 1;20141220184158;20141220190145
25004902265700003;226;262;MONTPELLIER 1;ARLES;20141221125502;20141221131352
25004902265700003;265;220;SAINT MARTIN DE CRAU;LANCON;20141221132904;20141221134158
25004902265700003;220;212;LANCON;AVIGNON-S;20141224162032;20141224163947
25004902265700003;211;210;AVIGNON-N;ORANGE;20141225125536;20141225130658
25004902265700003;210;220;ORANGE;LANCON;20141225131318;20141225134554
25004902265700003;220;265;LANCON;SAINT MARTIN DE CRAU;20141230124530;20141230125910
25004902265700003;262;226;ARLES;MONTPELLIER 1;20141230131348;20141230133239
25004902265700003;331;345;MONTPELLIER 2;LE PERTHUS;20141230135134;20141230154617
25004902265700003;345;331;LE PERTHUS;MONTPELLIER 2;20150101165950;20150101182716
25004902265700003;226;262;MONTPELLIER 1;ARLES;20150101184604;20150101190537
25004902265700003;265;220;SAINT MARTIN DE CRAU;LANCON;20150101192122;20150101193504
25004902265700003;220;213;LANCON;CAVAILLON;20150103172002;20150103173422
25004902265700003;213;220;CAVAILLON;LANCON;20150103184558;20150103185933
25004902265700003;220;211;LANCON;AVIGNON-N;20150109141720;20150109144156
25004902265700003;211;220;AVIGNON-N;LANCON;20150109211522;20150109213815
25004902265700003;220;214;LANCON;SENAS;20150110094532;20150110095608
25004902265700003;214;220;SENAS;LANCON;20150110095706;20150110100734
25004902265700003;220;213;LANCON;CAVAILLON;20150111220444;20150111221901
25004902265700003;211;220;AVIGNON-N;LANCON;20150112142228;20150112144811
25004902265700003;220;211;LANCON;AVIGNON-N;20150116173620;20150116180340
25004902265700003;213;220;CAVAILLON;LANCON;20150116191416;20150116192932
25004902265700003;220;213;LANCON;CAVAILLON;20150118215118;20150118220537
25004902265700003;211;220;AVIGNON-N;LANCON;20150119145646;20150119152107
25004902265700003;220;265;LANCON;SAINT MARTIN DE CRAU;20150123102110;20150123103536
25004902265700003;262;225;ARLES;GALLARGUES (F);20150123105034;20150123111048
25004902265700003;225;222;GALLARGUES (F);REMOULINS;20150123143418;20150123145608
25004902265700003;213;220;CAVAILLON;LANCON;20150123192354;20150123193658
25004902265700003;220;213;LANCON;CAVAILLON;20150125213616;20150125215016
25004902265700003;211;220;AVIGNON-N;LANCON;20150126113608;20150126115908
25004902265700003;220;213;LANCON;CAVAILLON;20150127221846;20150127223147
25004902265700003;211;220;AVIGNON-N;LANCON;20150128112204;20150128114534
25004902265700003;220;213;LANCON;CAVAILLON;20150206181028;20150206182525
25004902265700003;211;220;AVIGNON-N;LANCON;20150206211046;20150206213355
25004902265700003;220;213;LANCON;CAVAILLON;20150220192556;20150220194028
25004902265700003;213;220;CAVAILLON;LANCON;20150221123848;20150221125236
25004902265700003;220;213;LANCON;CAVAILLON;20150222224308;20150222225738
25004902265700003;211;220;AVIGNON-N;LANCON;20150223122520;20150223124953
25004902265700003;220;211;LANCON;AVIGNON-N;20150303085510;20150303092039
25004902265700003;211;220;AVIGNON-N;LANCON;20150303150328;20150303152733
25004902265700003;220;213;LANCON;CAVAILLON;20150308213554;20150308214937
25004902265700003;213;220;CAVAILLON;LANCON;20150308225356;20150308230722
25004902265700003;220;211;LANCON;AVIGNON-N;20150310073540;20150310080022
25004902265700003;213;220;CAVAILLON;LANCON;20150310202050;20150310203338
25004902265700003;220;213;LANCON;CAVAILLON;20150312201854;20150312203209
25004902265700003;211;220;AVIGNON-N;LANCON;20150313140046;20150313142534
25004902265700003;220;211;LANCON;AVIGNON-N;20150408083424;20150408085807
25004902265700003;211;220;AVIGNON-N;LANCON;20150408183628;20150408185956
25004902265700003;220;211;LANCON;AVIGNON-N;20150422141736;20150422144211
25004902265700003;213;220;CAVAILLON;LANCON;20150422193808;20150422195054
25004902265700003;220;213;LANCON;CAVAILLON;20150517212042;20150517213358
25004902265700003;213;220;CAVAILLON;LANCON;20150517223232;20150517224553
25004902265700003;220;211;LANCON;AVIGNON-N;20150520080358;20150520082841
25004902265700003;211;220;AVIGNON-N;LANCON;20150520094522;20150520101055
25004902265700003;220;211;LANCON;AVIGNON-N;20150520151030;20150520153654
25004902265700003;213;220;CAVAILLON;LANCON;20150520200448;20150520201749
25004902265700003;220;211;LANCON;AVIGNON-N;20150529170340;20150529172908
25004902265700003;213;220;CAVAILLON;LANCON;20150601200736;20150601202111
25004902265700003;220;212;LANCON;AVIGNON-S;20150619175720;20150619181746
25004902265700003;212;220;AVIGNON-S;LANCON;20150619193718;20150619195621
25004902265700003;220;213;LANCON;CAVAILLON;20150710183720;20150710185453
25004902265700003;213;220;CAVAILLON;LANCON;20150710202144;20150710203522
25004902265700003;220;211;LANCON;AVIGNON-N;20150717121558;20150717124010
25004902265700003;211;220;AVIGNON-N;LANCON;20150717171630;20150717174214
25004902265700003;220;211;LANCON;AVIGNON-N;20150730135846;20150730142139
25004902265700003;211;220;AVIGNON-N;LANCON;20150730183534;20150730185917
25004902265700003;228;227;A9: VENDARGUES-E;GALLARGUES (O);;20120416153759
25004902265700003;278;279;COUDOUX;A8: AIX-EN-PROVENCE;;20141016160326
25004902265700003;279;278;A8: AIX-EN-PROVENCE;COUDOUX;;20141016160055
25004902265700003;476;496;MURET;TOULOUSE OUEST;;20120716162358
25004902265700003;476;496;MURET;TOULOUSE OUEST;;20130222172731
25004902265700003;476;496;MURET;TOULOUSE OUEST;;20130511214816
25004902265700003;476;496;MURET;TOULOUSE OUEST;;20130714190950
25004902265700003;476;496;MURET;TOULOUSE OUEST;;20140109152622
25004902265700003;496;476;TOULOUSE OUEST;MURET;;20120713225749
25004902265700003;496;476;TOULOUSE OUEST;MURET;;20130221102659
25004902265700003;496;476;TOULOUSE OUEST;MURET;;20130507233031
25004902265700003;496;476;TOULOUSE OUEST;MURET;;20130711230555
25004902265700003;590;541;TLPC:TARIF LE + CHER;VIRSAC;;20120123162544
25004902265700003;901;981;BIRIATOU;ST JEAN DE LUZ;;20130510161634
25004902265700003;901;981;BIRIATOU;ST JEAN DE LUZ;;20130724171439
25004902265700003;902;982;ST JEAN DE LUZ SUD;ST JEAN DE LUZ NORD;;20120715194305
25004902265700003;902;982;ST JEAN DE LUZ SUD;ST JEAN DE LUZ NORD;;20130508174603
25004902265700003;902;982;ST JEAN DE LUZ SUD;ST JEAN DE LUZ NORD;;20130509190616
25004902265700003;902;982;ST JEAN DE LUZ SUD;ST JEAN DE LUZ NORD;;20130511165401
25004902265700003;902;982;ST JEAN DE LUZ SUD;ST JEAN DE LUZ NORD;;20130605153546
25004902265700003;903;983;BIARRITZ;BAYONNE-S JEAN LUZ N;;20120525124308
25004902265700003;903;983;BIARRITZ;BAYONNE-S JEAN LUZ N;;20120525171806
25004902265700003;903;983;BIARRITZ;BAYONNE-S JEAN LUZ N;;20120830080856
25004902265700003;903;983;BIARRITZ;BAYONNE-S JEAN LUZ N;;20130117121549
25004902265700003;903;983;BIARRITZ;BAYONNE-S JEAN LUZ N;;20130508130414
25004902265700003;903;983;BIARRITZ;BAYONNE-S JEAN LUZ N;;20130509150913
25004902265700003;903;983;BIARRITZ;BAYONNE-S JEAN LUZ N;;20130510115355
25004902265700003;903;983;BIARRITZ;BAYONNE-S JEAN LUZ N;;20130511120304
25004902265700003;903;983;BIARRITZ;BAYONNE-S JEAN LUZ N;;20130605094750
25004902265700003;903;983;BIARRITZ;BAYONNE-S JEAN LUZ N;;20130611173449
25004902265700003;903;983;BIARRITZ;BAYONNE-S JEAN LUZ N;;20130806091805
25004902265700003;903;983;BIARRITZ;BAYONNE-S JEAN LUZ N;;20130806145241
25004902265700003;903;983;BIARRITZ;BAYONNE-S JEAN LUZ N;;20131017083034
25004902265700003;903;983;BIARRITZ;BAYONNE-S JEAN LUZ N;;20131113165607
25004902265700003;903;983;BIARRITZ;BAYONNE-S JEAN LUZ N;;20140109105516
25004902265700003;903;983;BIARRITZ;BAYONNE-S JEAN LUZ N;;20140109130529
25004902265700003;903;983;BIARRITZ;BAYONNE-S JEAN LUZ N;;20140305124855
25004902265700003;904;984;LA NEGRESSE;BAYONNE;;20120715195054
25004902265700003;904;984;LA NEGRESSE;BAYONNE;;20130511170700
25004902265700003;904;984;LA NEGRESSE;BAYONNE;;20130714165628
25004902265700003;905;985;BAYONNE SUD;BAYONNE NORD;;20120714101634
25004902265700003;905;985;BAYONNE SUD;BAYONNE NORD;;20120716141332
25004902265700003;905;985;BAYONNE SUD;BAYONNE NORD;;20130713094252
25004902265700003;906;986;CAPBRETON;BAYONNE-ST GEOURS M.;;20120714103039
25004902265700003;906;986;CAPBRETON;BAYONNE-ST GEOURS M.;;20130713095831
25004902265700003;907;987;BENESSE;ST GEOURS DE MAREMNE;;20130117123115
25004902265700003;907;987;BENESSE;ST GEOURS DE MAREMNE;;20130611175032
25004902265700003;907;987;BENESSE;ST GEOURS DE MAREMNE;;20131113171145
25004902265700003;908;988;ONDRES;BAYONNE MOUSSEROLLES;;20130713145408
25004902265700003;981;901;ST JEAN DE LUZ;BIRIATOU;;20130510120741
25004902265700003;982;902;ST JEAN DE LUZ NORD;ST JEAN DE LUZ SUD;;20130508131303
25004902265700003;982;902;ST JEAN DE LUZ NORD;ST JEAN DE LUZ SUD;;20130509151919
25004902265700003;982;902;ST JEAN DE LUZ NORD;ST JEAN DE LUZ SUD;;20130511121243
25004902265700003;982;902;ST JEAN DE LUZ NORD;ST JEAN DE LUZ SUD;;20130605095659
25004902265700003;983;903;BAYONNE-S JEAN LUZ N;BIARRITZ;;20120525142914
25004902265700003;983;903;BAYONNE-S JEAN LUZ N;BIARRITZ;;20120611200458
25004902265700003;983;903;BAYONNE-S JEAN LUZ N;BIARRITZ;;20120802201814
25004902265700003;983;903;BAYONNE-S JEAN LUZ N;BIARRITZ;;20130508015003
25004902265700003;983;903;BAYONNE-S JEAN LUZ N;BIARRITZ;;20130508175505
25004902265700003;983;903;BAYONNE-S JEAN LUZ N;BIARRITZ;;20130509191516
25004902265700003;983;903;BAYONNE-S JEAN LUZ N;BIARRITZ;;20130510211948
25004902265700003;983;903;BAYONNE-S JEAN LUZ N;BIARRITZ;;20130522134522
25004902265700003;983;903;BAYONNE-S JEAN LUZ N;BIARRITZ;;20130605154455
25004902265700003;983;903;BAYONNE-S JEAN LUZ N;BIARRITZ;;20130619193104
25004902265700003;983;903;BAYONNE-S JEAN LUZ N;BIARRITZ;;20130713150512
25004902265700003;983;903;BAYONNE-S JEAN LUZ N;BIARRITZ;;20130713152633
25004902265700003;983;903;BAYONNE-S JEAN LUZ N;BIARRITZ;;20130806095319
25004902265700003;983;903;BAYONNE-S JEAN LUZ N;BIARRITZ;;20130806160817
25004902265700003;983;903;BAYONNE-S JEAN LUZ N;BIARRITZ;;20131016225849
25004902265700003;983;903;BAYONNE-S JEAN LUZ N;BIARRITZ;;20131017095619
25004902265700003;983;903;BAYONNE-S JEAN LUZ N;BIARRITZ;;20140109121149
25004902265700003;983;903;BAYONNE-S JEAN LUZ N;BIARRITZ;;20140227181200
25004902265700003;983;903;BAYONNE-S JEAN LUZ N;BIARRITZ;;20140305142623
25004902265700003;984;904;BAYONNE;LA NEGRESSE;;20120715151253
25004902265700003;984;904;BAYONNE;LA NEGRESSE;;20130714114241
25004902265700003;985;905;BAYONNE NORD;BAYONNE SUD;;20120714014621
25004902265700003;985;905;BAYONNE NORD;BAYONNE SUD;;20120714130045
25004902265700003;985;905;BAYONNE NORD;BAYONNE SUD;;20121010215716
25004902265700003;985;905;BAYONNE NORD;BAYONNE SUD;;20130306201855
25004902265700003;985;905;BAYONNE NORD;BAYONNE SUD;;20130604191755
25004902265700003;985;905;BAYONNE NORD;BAYONNE SUD;;20130712011716
25004902265700003;985;905;BAYONNE NORD;BAYONNE SUD;;20131009192225
25004902265700003;985;905;BAYONNE NORD;BAYONNE SUD;;20131017083529
25004902265700003;985;905;BAYONNE NORD;BAYONNE SUD;;20131127234113
25004902265700003;985;905;BAYONNE NORD;BAYONNE SUD;;20140108203237
25004902265700003;985;905;BAYONNE NORD;BAYONNE SUD;;20140109105929
25004902265700003;985;905;BAYONNE NORD;BAYONNE SUD;;20140206200455
25004902265700003;985;905;BAYONNE NORD;BAYONNE SUD;;20140219183145
25004902265700003;986;906;BAYONNE-ST GEOURS M.;CAPBRETON;;20120714102924
25004902265700003;986;906;BAYONNE-ST GEOURS M.;CAPBRETON;;20130511172138
25004902265700003;986;906;BAYONNE-ST GEOURS M.;CAPBRETON;;20130713095621
25004902265700003;987;907;ST GEOURS DE MAREMNE;BENESSE;;20120802200307
25004902265700003;987;907;ST GEOURS DE MAREMNE;BENESSE;;20121010214339
25004902265700003;987;907;ST GEOURS DE MAREMNE;BENESSE;;20130206200027
25004902265700003;987;907;ST GEOURS DE MAREMNE;BENESSE;;20130306200531
25004902265700003;987;907;ST GEOURS DE MAREMNE;BENESSE;;20130502200205
25004902265700003;987;907;ST GEOURS DE MAREMNE;BENESSE;;20130522131459
25004902265700003;987;907;ST GEOURS DE MAREMNE;BENESSE;;20130604190551
25004902265700003;987;907;ST GEOURS DE MAREMNE;BENESSE;;20131009190926
25004902265700003;987;907;ST GEOURS DE MAREMNE;BENESSE;;20131016224526
25004902265700003;987;907;ST GEOURS DE MAREMNE;BENESSE;;20131127232842
25004902265700003;987;907;ST GEOURS DE MAREMNE;BENESSE;;20140108202053
25004902265700003;987;907;ST GEOURS DE MAREMNE;BENESSE;;20140206195251
25004902265700003;987;907;ST GEOURS DE MAREMNE;BENESSE;;20140219181850
25004902265700003;987;907;ST GEOURS DE MAREMNE;BENESSE;;20140227175755
