NUM_MPM;COD_PAY_ENTR;COD_STE_ENTR;COD_GARE_ENTR;LIB_GARE_ENT;COD_PAY_SOR;COD_STE_SOR;COD_GARE_SOR;LIB_GAR_SOR;HRD_SOR;DATE_SOR;HRD_ENTR;DATE_ENTR
25004903965600001;000;00;000;;250;06;001;CANET DE MEYREUIL;12/02/2014 00:44:00;201402120044;;
25004903965600001;000;00;000;;250;06;001;CANET DE MEYREUIL;11/02/2014 19:38:00;201402111938;;
25004903965600001;250;06;036;PONT DE L ETOILE;250;06;002;LA BARQUE;28/02/2015 17:13:00;201502281713;28/02/2015 17:03:00;201502281703
25004903965600001;250;06;006;CANNET DES MAURES;250;06;002;LA BARQUE;29/01/2014 14:10:00;201401291410;29/01/2014 13:38:00;201401291338
25004903965600001;250;06;049;FREJUS OUEST;250;06;002;LA BARQUE;06/01/2014 08:39:00;201401060839;06/01/2014 07:35:00;201401060735
25004903965600001;250;06;049;FREJUS OUEST;250;06;002;LA BARQUE;22/01/2014 07:49:00;201401220749;22/01/2014 06:54:00;201401220654
25004903965600001;250;06;049;FREJUS OUEST;250;06;002;LA BARQUE;02/01/2014 09:06:00;201401020906;02/01/2014 07:58:00;201401020758
25004903965600001;250;06;049;FREJUS OUEST;250;06;002;LA BARQUE;27/01/2014 08:21:00;201401270821;27/01/2014 07:21:00;201401270721
25004903965600001;250;06;049;FREJUS OUEST;250;06;002;LA BARQUE;17/01/2014 07:25:00;201401170725;17/01/2014 06:28:00;201401170628
25004903965600001;250;06;049;FREJUS OUEST;250;06;002;LA BARQUE;10/01/2014 08:26:00;201401100826;10/01/2014 07:20:00;201401100720
25004903965600001;250;06;049;FREJUS OUEST;250;06;002;LA BARQUE;13/01/2014 07:47:00;201401130747;13/01/2014 06:53:00;201401130653
25004903965600001;250;06;049;FREJUS OUEST;250;06;002;LA BARQUE;21/02/2014 08:14:00;201402210814;21/02/2014 07:14:00;201402210714
25004903965600001;250;06;049;FREJUS OUEST;250;06;002;LA BARQUE;01/02/2014 10:21:00;201402011021;01/02/2014 09:37:00;201402010937
25004903965600001;250;06;049;FREJUS OUEST;250;06;002;LA BARQUE;07/02/2014 08:41:00;201402070841;07/02/2014 07:40:00;201402070740
25004903965600001;250;06;049;FREJUS OUEST;250;06;002;LA BARQUE;11/02/2014 08:19:00;201402110819;11/02/2014 07:17:00;201402110717
25004903965600001;250;06;049;FREJUS OUEST;250;06;002;LA BARQUE;17/02/2014 07:15:00;201402170715;17/02/2014 06:12:00;201402170612
25004903965600001;250;06;049;FREJUS OUEST;250;06;002;LA BARQUE;24/02/2014 07:20:00;201402240720;24/02/2014 06:22:00;201402240622
25004903965600001;250;06;049;FREJUS OUEST;250;06;002;LA BARQUE;03/02/2014 07:32:00;201402030732;03/02/2014 06:21:00;201402030621
25004903965600001;250;06;049;FREJUS OUEST;250;06;002;LA BARQUE;28/03/2014 08:31:00;201403280831;28/03/2014 07:32:00;201403280732
25004903965600001;250;06;049;FREJUS OUEST;250;06;002;LA BARQUE;10/03/2014 08:25:00;201403100825;10/03/2014 07:29:00;201403100729
25004903965600001;250;06;049;FREJUS OUEST;250;06;002;LA BARQUE;06/03/2014 08:32:00;201403060832;06/03/2014 07:35:00;201403060735
25004903965600001;250;06;049;FREJUS OUEST;250;06;002;LA BARQUE;17/03/2014 08:16:00;201403170816;17/03/2014 07:15:00;201403170715
25004903965600001;250;06;049;FREJUS OUEST;250;06;002;LA BARQUE;19/03/2014 08:36:00;201403190836;19/03/2014 07:34:00;201403190734
25004903965600001;250;06;049;FREJUS OUEST;250;06;002;LA BARQUE;31/03/2014 08:32:00;201403310832;31/03/2014 07:34:00;201403310734
25004903965600001;250;06;049;FREJUS OUEST;250;06;002;LA BARQUE;03/03/2014 08:22:00;201403030822;03/03/2014 07:21:00;201403030721
25004903965600001;250;06;049;FREJUS OUEST;250;06;002;LA BARQUE;24/03/2014 07:49:00;201403240749;24/03/2014 06:43:00;201403240643
25004903965600001;250;06;049;FREJUS OUEST;250;06;002;LA BARQUE;07/04/2014 07:45:00;201404070745;07/04/2014 06:45:00;201404070645
25004903965600001;250;06;049;FREJUS OUEST;250;06;002;LA BARQUE;22/04/2014 07:47:00;201404220747;22/04/2014 06:45:00;201404220645
25004903965600001;250;06;049;FREJUS OUEST;250;06;002;LA BARQUE;18/04/2014 08:03:00;201404180803;18/04/2014 07:06:00;201404180706
25004903965600001;250;06;049;FREJUS OUEST;250;06;002;LA BARQUE;29/04/2014 08:28:00;201404290828;29/04/2014 07:29:00;201404290729
25004903965600001;250;06;049;FREJUS OUEST;250;06;002;LA BARQUE;04/04/2014 08:36:00;201404040836;04/04/2014 07:50:00;201404040750
25004903965600001;250;06;049;FREJUS OUEST;250;06;002;LA BARQUE;14/04/2014 07:36:00;201404140736;14/04/2014 06:34:00;201404140634
25004903965600001;250;06;049;FREJUS OUEST;250;06;002;LA BARQUE;26/05/2014 08:24:00;201405260824;26/05/2014 07:26:00;201405260726
25004903965600001;250;06;049;FREJUS OUEST;250;06;002;LA BARQUE;12/05/2014 08:15:00;201405120815;12/05/2014 07:10:00;201405120710
25004903965600001;250;06;049;FREJUS OUEST;250;06;002;LA BARQUE;19/05/2014 07:42:00;201405190742;19/05/2014 06:45:00;201405190645
25004903965600001;250;06;049;FREJUS OUEST;250;06;002;LA BARQUE;14/05/2014 07:56:00;201405140756;14/05/2014 07:04:00;201405140704
25004903965600001;250;06;049;FREJUS OUEST;250;06;002;LA BARQUE;06/05/2014 07:58:00;201405060758;06/05/2014 07:05:00;201405060705
25004903965600001;250;06;049;FREJUS OUEST;250;06;002;LA BARQUE;24/06/2014 07:39:00;201406240739;24/06/2014 06:42:00;201406240642
25004903965600001;250;06;049;FREJUS OUEST;250;06;002;LA BARQUE;30/06/2014 08:26:00;201406300826;30/06/2014 07:25:00;201406300725
25004903965600001;250;06;049;FREJUS OUEST;250;06;002;LA BARQUE;02/06/2014 08:46:00;201406020846;02/06/2014 07:47:00;201406020747
25004903965600001;250;06;049;FREJUS OUEST;250;06;002;LA BARQUE;13/06/2014 07:48:00;201406130748;13/06/2014 06:52:00;201406130652
25004903965600001;250;06;049;FREJUS OUEST;250;06;002;LA BARQUE;06/06/2014 08:13:00;201406060813;06/06/2014 07:08:00;201406060708
25004903965600001;250;06;049;FREJUS OUEST;250;06;002;LA BARQUE;16/06/2014 08:12:00;201406160812;16/06/2014 07:19:00;201406160719
25004903965600001;250;06;049;FREJUS OUEST;250;06;002;LA BARQUE;10/06/2014 08:38:00;201406100838;10/06/2014 07:38:00;201406100738
25004903965600001;250;06;049;FREJUS OUEST;250;06;002;LA BARQUE;11/07/2014 08:11:00;201407110811;11/07/2014 07:14:00;201407110714
25004903965600001;250;06;049;FREJUS OUEST;250;06;002;LA BARQUE;13/07/2014 08:47:00;201407130847;13/07/2014 07:45:00;201407130745
25004903965600001;250;06;049;FREJUS OUEST;250;06;002;LA BARQUE;27/07/2014 12:03:00;201407271203;27/07/2014 11:15:00;201407271115
25004903965600001;250;06;049;FREJUS OUEST;250;06;002;LA BARQUE;21/07/2014 08:40:00;201407210840;21/07/2014 07:37:00;201407210737
25004903965600001;250;06;049;FREJUS OUEST;250;06;002;LA BARQUE;25/07/2014 08:13:00;201407250813;25/07/2014 07:14:00;201407250714
25004903965600001;250;06;049;FREJUS OUEST;250;06;002;LA BARQUE;04/07/2014 08:30:00;201407040830;04/07/2014 07:24:00;201407040724
25004903965600001;250;06;049;FREJUS OUEST;250;06;002;LA BARQUE;07/07/2014 08:17:00;201407070817;07/07/2014 07:10:00;201407070710
25004903965600001;250;06;049;FREJUS OUEST;250;06;002;LA BARQUE;15/07/2014 07:26:00;201407150726;15/07/2014 06:29:00;201407150629
25004903965600001;250;06;049;FREJUS OUEST;250;06;002;LA BARQUE;25/08/2014 08:10:00;201408250810;25/08/2014 07:11:00;201408250711
25004903965600001;250;06;049;FREJUS OUEST;250;06;002;LA BARQUE;18/08/2014 08:16:00;201408180816;18/08/2014 07:11:00;201408180711
25004903965600001;250;06;049;FREJUS OUEST;250;06;002;LA BARQUE;29/09/2014 08:56:00;201409290856;29/09/2014 08:07:00;201409290807
25004903965600001;250;06;049;FREJUS OUEST;250;06;002;LA BARQUE;22/09/2014 08:38:00;201409220838;22/09/2014 07:41:00;201409220741
25004903965600001;250;06;049;FREJUS OUEST;250;06;002;LA BARQUE;01/09/2014 08:53:00;201409010853;01/09/2014 07:55:00;201409010755
25004903965600001;250;06;049;FREJUS OUEST;250;06;002;LA BARQUE;05/09/2014 08:12:00;201409050812;05/09/2014 07:17:00;201409050717
25004903965600001;250;06;049;FREJUS OUEST;250;06;002;LA BARQUE;08/09/2014 08:05:00;201409080805;08/09/2014 07:11:00;201409080711
25004903965600001;250;06;049;FREJUS OUEST;250;06;002;LA BARQUE;26/09/2014 08:33:00;201409260833;26/09/2014 07:34:00;201409260734
25004903965600001;250;06;049;FREJUS OUEST;250;06;002;LA BARQUE;15/09/2014 08:37:00;201409150837;15/09/2014 07:31:00;201409150731
25004903965600001;250;06;049;FREJUS OUEST;250;06;002;LA BARQUE;27/10/2014 08:36:00;201410270836;27/10/2014 07:40:00;201410270740
25004903965600001;250;06;049;FREJUS OUEST;250;06;002;LA BARQUE;24/10/2014 08:30:00;201410240830;24/10/2014 07:33:00;201410240733
25004903965600001;250;06;049;FREJUS OUEST;250;06;002;LA BARQUE;13/10/2014 07:17:00;201410130717;13/10/2014 06:20:00;201410130620
25004903965600001;250;06;049;FREJUS OUEST;250;06;002;LA BARQUE;20/10/2014 07:42:00;201410200742;20/10/2014 06:44:00;201410200644
25004903965600001;250;06;049;FREJUS OUEST;250;06;002;LA BARQUE;31/10/2014 08:42:00;201410310842;31/10/2014 07:43:00;201410310743
25004903965600001;250;06;049;FREJUS OUEST;250;06;002;LA BARQUE;06/10/2014 08:44:00;201410060844;06/10/2014 07:45:00;201410060745
25004903965600001;250;06;049;FREJUS OUEST;250;06;002;LA BARQUE;10/10/2014 07:18:00;201410100718;10/10/2014 06:27:00;201410100627
25004903965600001;250;06;049;FREJUS OUEST;250;06;002;LA BARQUE;03/10/2014 07:32:00;201410030732;03/10/2014 06:28:00;201410030628
25004903965600001;250;06;049;FREJUS OUEST;250;06;002;LA BARQUE;17/10/2014 08:31:00;201410170831;17/10/2014 07:33:00;201410170733
25004903965600001;250;06;049;FREJUS OUEST;250;06;002;LA BARQUE;03/11/2014 08:18:00;201411030818;03/11/2014 07:19:00;201411030719
25004903965600001;250;06;049;FREJUS OUEST;250;06;002;LA BARQUE;17/11/2014 08:25:00;201411170825;17/11/2014 07:27:00;201411170727
25004903965600001;250;06;049;FREJUS OUEST;250;06;002;LA BARQUE;28/11/2014 08:04:00;201411280804;28/11/2014 07:10:00;201411280710
25004903965600001;250;06;049;FREJUS OUEST;250;06;002;LA BARQUE;24/11/2014 08:22:00;201411240822;24/11/2014 07:24:00;201411240724
25004903965600001;250;06;049;FREJUS OUEST;250;06;002;LA BARQUE;14/11/2014 08:36:00;201411140836;14/11/2014 07:41:00;201411140741
25004903965600001;250;06;049;FREJUS OUEST;250;06;002;LA BARQUE;07/11/2014 08:22:00;201411070822;07/11/2014 07:27:00;201411070727
25004903965600001;250;06;049;FREJUS OUEST;250;06;002;LA BARQUE;18/12/2014 08:49:00;201412180849;18/12/2014 07:54:00;201412180754
25004903965600001;250;06;049;FREJUS OUEST;250;06;002;LA BARQUE;12/12/2014 08:43:00;201412120843;12/12/2014 07:48:00;201412120748
25004903965600001;250;06;049;FREJUS OUEST;250;06;002;LA BARQUE;01/12/2014 08:59:00;201412010859;01/12/2014 07:59:00;201412010759
25004903965600001;250;06;049;FREJUS OUEST;250;06;002;LA BARQUE;15/12/2014 09:40:00;201412150940;15/12/2014 08:47:00;201412150847
25004903965600001;250;06;049;FREJUS OUEST;250;06;002;LA BARQUE;08/12/2014 08:43:00;201412080843;08/12/2014 07:45:00;201412080745
25004903965600001;250;06;049;FREJUS OUEST;250;06;002;LA BARQUE;30/12/2014 08:57:00;201412300857;30/12/2014 07:59:00;201412300759
25004903965600001;250;06;049;FREJUS OUEST;250;06;002;LA BARQUE;05/01/2015 07:59:00;201501050759;05/01/2015 06:54:00;201501050654
25004903965600001;250;06;049;FREJUS OUEST;250;06;002;LA BARQUE;21/01/2015 07:47:00;201501210747;21/01/2015 06:48:00;201501210648
25004903965600001;250;06;049;FREJUS OUEST;250;06;002;LA BARQUE;26/01/2015 08:48:00;201501260848;26/01/2015 07:48:00;201501260748
25004903965600001;250;06;049;FREJUS OUEST;250;06;002;LA BARQUE;09/01/2015 08:36:00;201501090836;09/01/2015 07:47:00;201501090747
25004903965600001;250;06;049;FREJUS OUEST;250;06;002;LA BARQUE;30/01/2015 08:03:00;201501300803;30/01/2015 07:15:00;201501300715
25004903965600001;250;06;049;FREJUS OUEST;250;06;002;LA BARQUE;25/01/2015 14:34:00;201501251434;25/01/2015 13:52:00;201501251352
25004903965600001;250;06;049;FREJUS OUEST;250;06;002;LA BARQUE;12/01/2015 08:47:00;201501120847;12/01/2015 07:45:00;201501120745
25004903965600001;250;06;049;FREJUS OUEST;250;06;002;LA BARQUE;28/01/2015 07:56:00;201501280756;28/01/2015 07:01:00;201501280701
25004903965600001;250;06;049;FREJUS OUEST;250;06;002;LA BARQUE;09/02/2015 08:26:00;201502090826;09/02/2015 07:23:00;201502090723
25004903965600001;250;06;049;FREJUS OUEST;250;06;002;LA BARQUE;02/02/2015 08:28:00;201502020828;02/02/2015 07:41:00;201502020741
25004903965600001;250;06;049;FREJUS OUEST;250;06;002;LA BARQUE;05/02/2015 07:48:00;201502050748;05/02/2015 06:59:00;201502050659
25004903965600001;250;06;049;FREJUS OUEST;250;06;002;LA BARQUE;16/02/2015 08:41:00;201502160841;16/02/2015 07:53:00;201502160753
25004903965600001;250;06;049;FREJUS OUEST;250;06;002;LA BARQUE;23/02/2015 08:06:00;201502230806;23/02/2015 07:14:00;201502230714
25004903965600001;250;06;049;FREJUS OUEST;250;06;002;LA BARQUE;28/02/2015 10:21:00;201502281021;28/02/2015 09:33:00;201502280933
25004903965600001;250;06;049;FREJUS OUEST;250;06;002;LA BARQUE;01/02/2015 11:42:00;201502011142;01/02/2015 10:55:00;201502011055
25004903965600001;250;06;009;CAPITOU;250;06;002;LA BARQUE;06/02/2015 15:09:00;201502061509;06/02/2015 14:21:00;201502061421
25004903965600001;250;06;002;LA BARQUE;250;06;004;ST.MAXIMIN;25/01/2015 15:51:00;201501251551;25/01/2015 15:38:00;201501251538
25004903965600001;250;06;049;FREJUS OUEST;250;06;005;BRIGNOLES;09/02/2014 09:16:00;201402090916;09/02/2014 08:41:00;201402090841
25004903965600001;250;06;002;LA BARQUE;250;06;005;BRIGNOLES;26/09/2014 19:44:00;201409261944;26/09/2014 19:21:00;201409261921
25004903965600001;250;06;049;FREJUS OUEST;250;06;007;LE MUY;08/03/2014 19:40:00;201403081940;08/03/2014 19:31:00;201403081931
25004903965600001;250;06;049;FREJUS OUEST;250;06;007;LE MUY;10/01/2015 16:57:00;201501101657;10/01/2015 16:50:00;201501101650
25004903965600001;250;06;008;PUGET ECHANGEUR;250;06;007;LE MUY;16/05/2014 19:54:00;201405161954;16/05/2014 19:47:00;201405161947
25004903965600001;250;06;002;LA BARQUE;250;06;007;LE MUY;24/10/2014 19:49:00;201410241949;24/10/2014 18:58:00;201410241858
25004903965600001;250;06;002;LA BARQUE;250;06;007;LE MUY;03/10/2014 20:03:00;201410032003;03/10/2014 19:15:00;201410031915
25004903965600001;250;06;002;LA BARQUE;250;06;007;LE MUY;12/12/2014 20:01:00;201412122001;12/12/2014 19:07:00;201412121907
25004903965600001;250;06;042;PUGET VILLE;250;06;008;PUGET ECHANGEUR;18/05/2014 15:20:00;201405181520;18/05/2014 14:54:00;201405181454
25004903965600001;250;06;042;PUGET VILLE;250;06;008;PUGET ECHANGEUR;31/05/2014 18:54:00;201405311854;31/05/2014 18:29:00;201405311829
25004903965600001;250;06;049;FREJUS OUEST;250;06;008;PUGET ECHANGEUR;22/03/2014 09:53:00;201403220953;22/03/2014 09:50:00;201403220950
25004903965600001;250;06;049;FREJUS OUEST;250;06;008;PUGET ECHANGEUR;09/05/2014 20:15:00;201405092015;09/05/2014 20:12:00;201405092012
25004903965600001;250;06;049;FREJUS OUEST;250;06;008;PUGET ECHANGEUR;19/06/2014 08:49:00;201406190849;19/06/2014 08:46:00;201406190846
25004903965600001;250;06;049;FREJUS OUEST;250;06;008;PUGET ECHANGEUR;14/06/2014 11:01:00;201406141101;14/06/2014 10:58:00;201406141058
25004903965600001;250;06;049;FREJUS OUEST;250;06;008;PUGET ECHANGEUR;03/08/2014 12:21:00;201408031221;03/08/2014 12:18:00;201408031218
25004903965600001;250;06;009;CAPITOU;250;06;008;PUGET ECHANGEUR;19/06/2014 16:47:00;201406191647;19/06/2014 16:44:00;201406191644
25004903965600001;250;06;009;CAPITOU;250;06;008;PUGET ECHANGEUR;14/12/2014 12:29:00;201412141229;14/12/2014 12:27:00;201412141227
25004903965600001;250;06;007;LE MUY;250;06;008;PUGET ECHANGEUR;17/05/2014 00:01:00;201405170001;16/05/2014 23:55:00;201405162355
25004903965600001;250;06;002;LA BARQUE;250;06;008;PUGET ECHANGEUR;28/03/2014 19:34:00;201403281934;28/03/2014 18:37:00;201403281837
25004903965600001;250;06;002;LA BARQUE;250;06;008;PUGET ECHANGEUR;03/03/2014 20:14:00;201403032014;03/03/2014 19:20:00;201403031920
25004903965600001;250;06;002;LA BARQUE;250;06;008;PUGET ECHANGEUR;09/04/2014 20:56:00;201404092056;09/04/2014 20:01:00;201404092001
25004903965600001;250;06;002;LA BARQUE;250;06;008;PUGET ECHANGEUR;23/05/2014 21:15:00;201405232115;23/05/2014 20:32:00;201405232032
25004903965600001;250;06;002;LA BARQUE;250;06;008;PUGET ECHANGEUR;27/06/2014 19:45:00;201406271945;27/06/2014 18:43:00;201406271843
25004903965600001;250;06;002;LA BARQUE;250;06;008;PUGET ECHANGEUR;13/07/2014 18:07:00;201407131807;13/07/2014 17:11:00;201407131711
25004903965600001;250;06;036;PONT DE L ETOILE;250;06;009;CAPITOU;18/09/2014 10:55:00;201409181055;18/09/2014 09:55:00;201409180955
25004903965600001;250;06;006;CANNET DES MAURES;250;06;009;CAPITOU;27/01/2015 14:00:00;201501271400;27/01/2015 13:39:00;201501271339
25004903965600001;250;06;008;PUGET ECHANGEUR;250;06;009;CAPITOU;19/06/2014 09:22:00;201406190922;19/06/2014 09:20:00;201406190920
25004903965600001;250;06;002;LA BARQUE;250;06;009;CAPITOU;28/01/2014 19:38:00;201401281938;28/01/2014 18:25:00;201401281825
25004903965600001;000;00;000;;250;06;010;FREJUS;24/01/2014 19:39:00;201401241939;;
25004903965600001;000;00;000;;250;06;010;FREJUS;28/01/2014 20:14:00;201401282014;;
25004903965600001;000;00;000;;250;06;010;FREJUS;09/01/2014 18:33:00;201401091833;;
25004903965600001;000;00;000;;250;06;010;FREJUS;05/01/2014 13:01:00;201401051301;;
25004903965600001;000;00;000;;250;06;010;FREJUS;16/01/2014 08:21:00;201401160821;;
25004903965600001;000;00;000;;250;06;010;FREJUS;09/01/2014 08:46:00;201401090846;;
25004903965600001;000;00;000;;250;06;010;FREJUS;31/01/2014 07:34:00;201401310734;;
25004903965600001;000;00;000;;250;06;010;FREJUS;16/01/2014 18:12:00;201401161812;;
25004903965600001;000;00;000;;250;06;010;FREJUS;29/01/2014 08:31:00;201401290831;;
25004903965600001;000;00;000;;250;06;010;FREJUS;24/01/2014 08:15:00;201401240815;;
25004903965600001;000;00;000;;250;06;010;FREJUS;31/01/2014 19:21:00;201401311921;;
25004903965600001;000;00;000;;250;06;010;FREJUS;05/01/2014 10:51:00;201401051051;;
25004903965600001;000;00;000;;250;06;010;FREJUS;10/02/2014 19:08:00;201402101908;;
25004903965600001;000;00;000;;250;06;010;FREJUS;06/02/2014 18:44:00;201402061844;;
25004903965600001;000;00;000;;250;06;010;FREJUS;27/02/2014 08:32:00;201402270832;;
25004903965600001;000;00;000;;250;06;010;FREJUS;20/02/2014 08:26:00;201402200826;;
25004903965600001;000;00;000;;250;06;010;FREJUS;14/02/2014 08:30:00;201402140830;;
25004903965600001;000;00;000;;250;06;010;FREJUS;27/02/2014 19:33:00;201402271933;;
25004903965600001;000;00;000;;250;06;010;FREJUS;28/02/2014 18:49:00;201402281849;;
25004903965600001;000;00;000;;250;06;010;FREJUS;20/02/2014 18:01:00;201402201801;;
25004903965600001;000;00;000;;250;06;010;FREJUS;10/02/2014 08:25:00;201402100825;;
25004903965600001;000;00;000;;250;06;010;FREJUS;28/02/2014 08:34:00;201402280834;;
25004903965600001;000;00;000;;250;06;010;FREJUS;14/02/2014 19:20:00;201402141920;;
25004903965600001;000;00;000;;250;06;010;FREJUS;06/02/2014 08:25:00;201402060825;;
25004903965600001;000;00;000;;250;06;010;FREJUS;25/03/2014 08:00:00;201403250800;;
25004903965600001;000;00;000;;250;06;010;FREJUS;15/03/2014 22:30:00;201403152230;;
25004903965600001;000;00;000;;250;06;010;FREJUS;27/03/2014 07:29:00;201403270729;;
25004903965600001;000;00;000;;250;06;010;FREJUS;27/03/2014 18:15:00;201403271815;;
25004903965600001;000;00;000;;250;06;010;FREJUS;04/03/2014 08:31:00;201403040831;;
25004903965600001;000;00;000;;250;06;010;FREJUS;26/03/2014 19:00:00;201403261900;;
25004903965600001;000;00;000;;250;06;010;FREJUS;18/03/2014 20:16:00;201403182016;;
25004903965600001;000;00;000;;250;06;010;FREJUS;05/03/2014 08:21:00;201403050821;;
25004903965600001;000;00;000;;250;06;010;FREJUS;25/03/2014 19:59:00;201403251959;;
25004903965600001;000;00;000;;250;06;010;FREJUS;05/03/2014 18:58:00;201403051858;;
25004903965600001;000;00;000;;250;06;010;FREJUS;18/03/2014 08:19:00;201403180819;;
25004903965600001;000;00;000;;250;06;010;FREJUS;04/03/2014 19:11:00;201403041911;;
25004903965600001;000;00;000;;250;06;010;FREJUS;26/03/2014 08:04:00;201403260804;;
25004903965600001;000;00;000;;250;06;010;FREJUS;28/04/2014 17:29:00;201404281729;;
25004903965600001;000;00;000;;250;06;010;FREJUS;10/04/2014 08:19:00;201404100819;;
25004903965600001;000;00;000;;250;06;010;FREJUS;11/04/2014 08:04:00;201404110804;;
25004903965600001;000;00;000;;250;06;010;FREJUS;25/04/2014 08:18:00;201404250818;;
25004903965600001;000;00;000;;250;06;010;FREJUS;28/04/2014 08:50:00;201404280850;;
25004903965600001;000;00;000;;250;06;010;FREJUS;11/04/2014 20:18:00;201404112018;;
25004903965600001;000;00;000;;250;06;010;FREJUS;17/04/2014 19:10:00;201404171910;;
25004903965600001;000;00;000;;250;06;010;FREJUS;10/04/2014 19:16:00;201404101916;;
25004903965600001;000;00;000;;250;06;010;FREJUS;17/04/2014 08:32:00;201404170832;;
25004903965600001;000;00;000;;250;06;010;FREJUS;25/04/2014 18:43:00;201404251843;;
25004903965600001;000;00;000;;250;06;010;FREJUS;28/05/2014 17:50:00;201405281750;;
25004903965600001;000;00;000;;250;06;010;FREJUS;30/05/2014 14:56:00;201405301456;;
25004903965600001;000;00;000;;250;06;010;FREJUS;16/05/2014 08:34:00;201405160834;;
25004903965600001;000;00;000;;250;06;010;FREJUS;16/05/2014 17:17:00;201405161717;;
25004903965600001;000;00;000;;250;06;010;FREJUS;08/05/2014 17:45:00;201405081745;;
25004903965600001;000;00;000;;250;06;010;FREJUS;04/05/2014 15:47:00;201405041547;;
25004903965600001;000;00;000;;250;06;010;FREJUS;05/05/2014 18:33:00;201405051833;;
25004903965600001;000;00;000;;250;06;010;FREJUS;09/05/2014 08:24:00;201405090824;;
25004903965600001;000;00;000;;250;06;010;FREJUS;08/05/2014 14:10:00;201405081410;;
25004903965600001;000;00;000;;250;06;010;FREJUS;05/05/2014 08:46:00;201405050846;;
25004903965600001;000;00;000;;250;06;010;FREJUS;13/05/2014 18:38:00;201405131838;;
25004903965600001;000;00;000;;250;06;010;FREJUS;01/05/2014 07:33:00;201405010733;;
25004903965600001;000;00;000;;250;06;010;FREJUS;09/05/2014 14:03:00;201405091403;;
25004903965600001;000;00;000;;250;06;010;FREJUS;30/05/2014 11:23:00;201405301123;;
25004903965600001;000;00;000;;250;06;010;FREJUS;28/05/2014 08:37:00;201405280837;;
25004903965600001;000;00;000;;250;06;010;FREJUS;13/05/2014 08:14:00;201405130814;;
25004903965600001;000;00;000;;250;06;010;FREJUS;23/06/2014 08:29:00;201406230829;;
25004903965600001;000;00;000;;250;06;010;FREJUS;05/06/2014 08:31:00;201406050831;;
25004903965600001;000;00;000;;250;06;010;FREJUS;12/06/2014 08:26:00;201406120826;;
25004903965600001;000;00;000;;250;06;010;FREJUS;20/06/2014 18:41:00;201406201841;;
25004903965600001;000;00;000;;250;06;010;FREJUS;12/06/2014 19:53:00;201406121953;;
25004903965600001;000;00;000;;250;06;010;FREJUS;20/06/2014 08:32:00;201406200832;;
25004903965600001;000;00;000;;250;06;010;FREJUS;23/06/2014 19:26:00;201406231926;;
25004903965600001;000;00;000;;250;06;010;FREJUS;05/06/2014 18:52:00;201406051852;;
25004903965600001;000;00;000;;250;06;010;FREJUS;03/07/2014 20:06:00;201407032006;;
25004903965600001;000;00;000;;250;06;010;FREJUS;18/07/2014 19:02:00;201407181902;;
25004903965600001;000;00;000;;250;06;010;FREJUS;10/07/2014 19:29:00;201407101929;;
25004903965600001;000;00;000;;250;06;010;FREJUS;18/07/2014 08:17:00;201407180817;;
25004903965600001;000;00;000;;250;06;010;FREJUS;10/07/2014 08:58:00;201407100858;;
25004903965600001;000;00;000;;250;06;010;FREJUS;03/07/2014 08:30:00;201407030830;;
25004903965600001;000;00;000;;250;06;010;FREJUS;24/07/2014 08:23:00;201407240823;;
25004903965600001;000;00;000;;250;06;010;FREJUS;24/07/2014 20:29:00;201407242029;;
25004903965600001;000;00;000;;250;06;010;FREJUS;23/08/2014 00:56:00;201408230056;;
25004903965600001;000;00;000;;250;06;010;FREJUS;11/08/2014 01:06:00;201408110106;;
25004903965600001;000;00;000;;250;06;010;FREJUS;28/08/2014 19:50:00;201408281950;;
25004903965600001;000;00;000;;250;06;010;FREJUS;29/08/2014 08:26:00;201408290826;;
25004903965600001;000;00;000;;250;06;010;FREJUS;22/08/2014 17:36:00;201408221736;;
25004903965600001;000;00;000;;250;06;010;FREJUS;10/08/2014 18:12:00;201408101812;;
25004903965600001;000;00;000;;250;06;010;FREJUS;15/08/2014 14:51:00;201408151451;;
25004903965600001;000;00;000;;250;06;010;FREJUS;22/08/2014 19:59:00;201408221959;;
25004903965600001;000;00;000;;250;06;010;FREJUS;28/08/2014 08:20:00;201408280820;;
25004903965600001;000;00;000;;250;06;010;FREJUS;21/08/2014 19:36:00;201408211936;;
25004903965600001;000;00;000;;250;06;010;FREJUS;15/08/2014 19:03:00;201408151903;;
25004903965600001;000;00;000;;250;06;010;FREJUS;22/08/2014 08:15:00;201408220815;;
25004903965600001;000;00;000;;250;06;010;FREJUS;29/08/2014 18:59:00;201408291859;;
25004903965600001;000;00;000;;250;06;010;FREJUS;21/08/2014 08:23:00;201408210823;;
25004903965600001;000;00;000;;250;06;010;FREJUS;18/09/2014 18:27:00;201409181827;;
25004903965600001;000;00;000;;250;06;010;FREJUS;19/09/2014 18:58:00;201409191858;;
25004903965600001;000;00;000;;250;06;010;FREJUS;06/09/2014 18:25:00;201409061825;;
25004903965600001;000;00;000;;250;06;010;FREJUS;12/09/2014 18:07:00;201409121807;;
25004903965600001;000;00;000;;250;06;010;FREJUS;19/09/2014 08:33:00;201409190833;;
25004903965600001;000;00;000;;250;06;010;FREJUS;07/09/2014 19:04:00;201409071904;;
25004903965600001;000;00;000;;250;06;010;FREJUS;25/09/2014 18:28:00;201409251828;;
25004903965600001;000;00;000;;250;06;010;FREJUS;07/09/2014 00:56:00;201409070056;;
25004903965600001;000;00;000;;250;06;010;FREJUS;07/09/2014 18:45:00;201409071845;;
25004903965600001;000;00;000;;250;06;010;FREJUS;13/09/2014 19:34:00;201409131934;;
25004903965600001;000;00;000;;250;06;010;FREJUS;11/09/2014 08:47:00;201409110847;;
25004903965600001;000;00;000;;250;06;010;FREJUS;04/09/2014 08:17:00;201409040817;;
25004903965600001;000;00;000;;250;06;010;FREJUS;12/09/2014 08:30:00;201409120830;;
25004903965600001;000;00;000;;250;06;010;FREJUS;11/09/2014 18:30:00;201409111830;;
25004903965600001;000;00;000;;250;06;010;FREJUS;13/09/2014 23:15:00;201409132315;;
25004903965600001;000;00;000;;250;06;010;FREJUS;04/09/2014 19:29:00;201409041929;;
25004903965600001;000;00;000;;250;06;010;FREJUS;25/09/2014 08:44:00;201409250844;;
25004903965600001;000;00;000;;250;06;010;FREJUS;30/10/2014 19:03:00;201410301903;;
25004903965600001;000;00;000;;250;06;010;FREJUS;09/10/2014 08:25:00;201410090825;;
25004903965600001;000;00;000;;250;06;010;FREJUS;16/10/2014 18:31:00;201410161831;;
25004903965600001;000;00;000;;250;06;010;FREJUS;30/10/2014 09:08:00;201410300908;;
25004903965600001;000;00;000;;250;06;010;FREJUS;16/10/2014 08:20:00;201410160820;;
25004903965600001;000;00;000;;250;06;010;FREJUS;02/10/2014 08:47:00;201410020847;;
25004903965600001;000;00;000;;250;06;010;FREJUS;09/10/2014 18:22:00;201410091822;;
25004903965600001;000;00;000;;250;06;010;FREJUS;02/10/2014 18:25:00;201410021825;;
25004903965600001;000;00;000;;250;06;010;FREJUS;13/11/2014 18:06:00;201411131806;;
25004903965600001;000;00;000;;250;06;010;FREJUS;02/11/2014 13:40:00;201411021340;;
25004903965600001;000;00;000;;250;06;010;FREJUS;29/11/2014 14:39:00;201411291439;;
25004903965600001;000;00;000;;250;06;010;FREJUS;21/11/2014 19:46:00;201411211946;;
25004903965600001;000;00;000;;250;06;010;FREJUS;02/11/2014 08:04:00;201411020804;;
25004903965600001;000;00;000;;250;06;010;FREJUS;29/11/2014 16:24:00;201411291624;;
25004903965600001;000;00;000;;250;06;010;FREJUS;12/11/2014 10:45:00;201411121045;;
25004903965600001;000;00;000;;250;06;010;FREJUS;21/11/2014 08:14:00;201411210814;;
25004903965600001;000;00;000;;250;06;010;FREJUS;29/12/2014 07:59:00;201412290759;;
25004903965600001;000;00;000;;250;06;010;FREJUS;11/12/2014 08:29:00;201412110829;;
25004903965600001;000;00;000;;250;06;010;FREJUS;05/12/2014 08:49:00;201412050849;;
25004903965600001;000;00;000;;250;06;010;FREJUS;11/12/2014 18:02:00;201412111802;;
25004903965600001;000;00;000;;250;06;010;FREJUS;14/12/2014 09:40:00;201412140940;;
25004903965600001;000;00;000;;250;06;010;FREJUS;29/12/2014 19:01:00;201412291901;;
25004903965600001;000;00;000;;250;06;010;FREJUS;05/12/2014 18:07:00;201412051807;;
25004903965600001;000;00;000;;250;06;010;FREJUS;19/01/2015 08:23:00;201501190823;;
25004903965600001;000;00;000;;250;06;010;FREJUS;20/01/2015 19:09:00;201501201909;;
25004903965600001;000;00;000;;250;06;010;FREJUS;19/01/2015 18:33:00;201501191833;;
25004903965600001;000;00;000;;250;06;010;FREJUS;27/01/2015 18:51:00;201501271851;;
25004903965600001;000;00;000;;250;06;010;FREJUS;04/01/2015 12:21:00;201501041221;;
25004903965600001;000;00;000;;250;06;010;FREJUS;20/01/2015 09:30:00;201501200930;;
25004903965600001;000;00;000;;250;06;010;FREJUS;04/01/2015 16:01:00;201501041601;;
25004903965600001;000;00;000;;250;06;010;FREJUS;12/02/2015 17:40:00;201502121740;;
25004903965600001;000;00;000;;250;06;010;FREJUS;12/02/2015 12:45:00;201502121245;;
25004903965600001;000;00;000;;250;06;010;FREJUS;13/02/2015 08:45:00;201502130845;;
25004903965600001;000;00;000;;250;06;010;FREJUS;14/02/2015 17:49:00;201502141749;;
25004903965600001;000;00;000;;250;06;010;FREJUS;13/02/2015 17:41:00;201502131741;;
25004903965600001;000;00;000;;250;06;010;FREJUS;27/02/2015 18:18:00;201502271818;;
25004903965600001;000;00;000;;250;06;010;FREJUS;20/02/2015 19:32:00;201502201932;;
25004903965600001;000;00;000;;250;06;010;FREJUS;06/02/2015 08:51:00;201502060851;;
25004903965600001;000;00;000;;250;06;010;FREJUS;27/02/2015 08:23:00;201502270823;;
25004903965600001;000;00;000;;250;06;010;FREJUS;20/02/2015 07:29:00;201502200729;;
25004903965600001;000;00;000;;250;06;012;ANTIBES P/V;05/01/2014 12:42:00;201401051242;;
25004903965600001;000;00;000;;250;06;012;ANTIBES P/V;05/01/2014 11:12:00;201401051112;;
25004903965600001;000;00;000;;250;06;012;ANTIBES P/V;01/05/2014 07:53:00;201405010753;;
25004903965600001;000;00;000;;250;06;012;ANTIBES P/V;04/05/2014 15:27:00;201405041527;;
25004903965600001;000;00;000;;250;06;012;ANTIBES P/V;15/08/2014 15:18:00;201408151518;;
25004903965600001;000;00;000;;250;06;012;ANTIBES P/V;21/08/2014 11:50:00;201408211150;;
25004903965600001;000;00;000;;250;06;012;ANTIBES P/V;15/08/2014 18:42:00;201408151842;;
25004903965600001;000;00;000;;250;06;012;ANTIBES P/V;11/08/2014 00:47:00;201408110047;;
25004903965600001;000;00;000;;250;06;012;ANTIBES P/V;21/08/2014 14:22:00;201408211422;;
25004903965600001;000;00;000;;250;06;012;ANTIBES P/V;10/08/2014 18:32:00;201408101832;;
25004903965600001;000;00;000;;250;06;012;ANTIBES P/V;02/11/2014 08:30:00;201411020830;;
25004903965600001;000;00;000;;250;06;012;ANTIBES P/V;02/11/2014 13:21:00;201411021321;;
25004903965600001;000;00;000;;250;06;012;ANTIBES P/V;12/11/2014 17:58:00;201411121758;;
25004903965600001;000;00;000;;250;06;012;ANTIBES P/V;12/11/2014 16:53:00;201411121653;;
25004903965600001;000;00;000;;250;06;012;ANTIBES P/V;14/12/2014 10:00:00;201412141000;;
25004903965600001;000;00;000;;250;06;012;ANTIBES P/V;14/12/2014 12:07:00;201412141207;;
25004903965600001;000;00;000;;250;06;012;ANTIBES P/V;04/01/2015 15:42:00;201501041542;;
25004903965600001;000;00;000;;250;06;012;ANTIBES P/V;04/01/2015 12:41:00;201501041241;;
25004903965600001;000;00;000;;250;06;014;ANTIBES OUEST;27/02/2014 19:10:00;201402271910;;
25004903965600001;000;00;000;;250;06;014;ANTIBES OUEST;27/02/2014 19:11:00;201402271911;;
25004903965600001;000;00;000;;250;06;014;ANTIBES OUEST;30/05/2014 11:45:00;201405301145;;
25004903965600001;000;00;000;;250;06;014;ANTIBES OUEST;30/05/2014 14:35:00;201405301435;;
25004903965600001;000;00;000;;250;06;014;ANTIBES OUEST;13/09/2014 22:55:00;201409132255;;
25004903965600001;000;00;000;;250;06;014;ANTIBES OUEST;06/09/2014 18:46:00;201409061846;;
25004903965600001;000;00;000;;250;06;014;ANTIBES OUEST;07/09/2014 00:37:00;201409070037;;
25004903965600001;000;00;000;;250;06;014;ANTIBES OUEST;13/09/2014 19:56:00;201409131956;;
25004903965600001;000;00;000;;250;06;019;ST ISIDORE ECH OUEST;21/08/2014 14:11:00;201408211411;;
25004903965600001;000;00;000;;250;06;020;ST.ISIDORE P/V;11/08/2014 00:37:00;201408110037;;
25004903965600001;000;00;000;;250;06;020;ST.ISIDORE P/V;15/08/2014 18:31:00;201408151831;;
25004903965600001;000;00;000;;250;06;020;ST.ISIDORE P/V;02/11/2014 08:39:00;201411020839;;
25004903965600001;000;00;000;;250;06;020;ST.ISIDORE P/V;02/11/2014 13:11:00;201411021311;;
25004903965600001;000;00;000;;250;06;020;ST.ISIDORE P/V;04/01/2015 15:31:00;201501041531;;
25004903965600001;000;00;000;;250;06;021;ST.ISIDORE ECH. EST;10/08/2014 18:53:00;201408101853;;
25004903965600001;000;00;000;;250;06;026;LA TURBIE ECH.;11/08/2014 00:25:00;201408110025;;
25004903965600001;000;00;000;;250;06;026;LA TURBIE ECH.;10/08/2014 19:05:00;201408101905;;
25004903965600001;000;00;000;;250;06;031;BANDOL P/V;16/02/2014 15:22:00;201402161522;;
25004903965600001;000;00;000;;250;06;031;BANDOL P/V;16/02/2014 12:02:00;201402161202;;
25004903965600001;000;00;000;;250;06;031;BANDOL P/V;01/02/2014 14:07:00;201402011407;;
25004903965600001;000;00;000;;250;06;031;BANDOL P/V;25/05/2014 16:00:00;201405251600;;
25004903965600001;000;00;000;;250;06;031;BANDOL P/V;25/05/2014 11:43:00;201405251143;;
25004903965600001;000;00;000;;250;06;031;BANDOL P/V;20/07/2014 16:30:00;201407201630;;
25004903965600001;000;00;000;;250;06;031;BANDOL P/V;20/07/2014 12:00:00;201407201200;;
25004903965600001;000;00;000;;250;06;033;LA CIOTAT P/V;01/02/2014 13:57:00;201402011357;;
25004903965600001;000;00;000;;250;06;034;LA CIOTAT ECH.;16/02/2014 15:12:00;201402161512;;
25004903965600001;000;00;000;;250;06;034;LA CIOTAT ECH.;16/02/2014 12:12:00;201402161212;;
25004903965600001;000;00;000;;250;06;034;LA CIOTAT ECH.;25/05/2014 15:50:00;201405251550;;
25004903965600001;000;00;000;;250;06;034;LA CIOTAT ECH.;25/05/2014 11:53:00;201405251153;;
25004903965600001;000;00;000;;250;06;034;LA CIOTAT ECH.;20/07/2014 12:11:00;201407201211;;
25004903965600001;000;00;000;;250;06;034;LA CIOTAT ECH.;20/07/2014 16:19:00;201407201619;;
25004903965600001;000;00;000;;250;06;034;LA CIOTAT ECH.;28/02/2015 15:16:00;201502281516;;
25004903965600001;000;00;000;;250;06;034;LA CIOTAT ECH.;28/02/2015 16:55:00;201502281655;;
25004903965600001;250;06;042;PUGET VILLE;250;06;049;FREJUS OUEST;01/02/2014 19:24:00;201402011924;01/02/2014 18:52:00;201402011852
25004903965600001;250;06;042;PUGET VILLE;250;06;049;FREJUS OUEST;16/02/2014 16:17:00;201402161617;16/02/2014 15:48:00;201402161548
25004903965600001;250;06;042;PUGET VILLE;250;06;049;FREJUS OUEST;25/05/2014 16:54:00;201405251654;25/05/2014 16:23:00;201405251623
25004903965600001;250;06;042;PUGET VILLE;250;06;049;FREJUS OUEST;20/07/2014 17:21:00;201407201721;20/07/2014 16:53:00;201407201653
25004903965600001;250;06;042;PUGET VILLE;250;06;049;FREJUS OUEST;10/11/2014 18:03:00;201411101803;10/11/2014 17:31:00;201411101731
25004903965600001;250;06;042;PUGET VILLE;250;06;049;FREJUS OUEST;10/11/2014 08:52:00;201411100852;10/11/2014 08:20:00;201411100820
25004903965600001;250;06;042;PUGET VILLE;250;06;049;FREJUS OUEST;12/11/2014 08:23:00;201411120823;12/11/2014 07:52:00;201411120752
25004903965600001;250;06;042;PUGET VILLE;250;06;049;FREJUS OUEST;26/12/2014 16:57:00;201412261657;26/12/2014 16:28:00;201412261628
25004903965600001;250;06;042;PUGET VILLE;250;06;049;FREJUS OUEST;08/02/2015 13:01:00;201502081301;08/02/2015 12:33:00;201502081233
25004903965600001;250;06;036;PONT DE L ETOILE;250;06;049;FREJUS OUEST;07/12/2014 18:05:00;201412071805;07/12/2014 17:10:00;201412071710
25004903965600001;250;06;008;PUGET ECHANGEUR;250;06;049;FREJUS OUEST;22/03/2014 10:55:00;201403221055;22/03/2014 10:53:00;201403221053
25004903965600001;250;06;008;PUGET ECHANGEUR;250;06;049;FREJUS OUEST;14/06/2014 11:26:00;201406141126;14/06/2014 11:23:00;201406141123
25004903965600001;250;06;008;PUGET ECHANGEUR;250;06;049;FREJUS OUEST;19/06/2014 17:09:00;201406191709;19/06/2014 17:06:00;201406191706
25004903965600001;250;06;008;PUGET ECHANGEUR;250;06;049;FREJUS OUEST;05/08/2014 11:20:00;201408051120;05/08/2014 11:18:00;201408051118
25004903965600001;250;06;008;PUGET ECHANGEUR;250;06;049;FREJUS OUEST;13/08/2014 17:19:00;201408131719;13/08/2014 17:16:00;201408131716
25004903965600001;250;06;008;PUGET ECHANGEUR;250;06;049;FREJUS OUEST;12/08/2014 11:32:00;201408121132;12/08/2014 11:30:00;201408121130
25004903965600001;250;06;007;LE MUY;250;06;049;FREJUS OUEST;09/03/2014 01:04:00;201403090104;09/03/2014 00:55:00;201403090055
25004903965600001;250;06;007;LE MUY;250;06;049;FREJUS OUEST;10/01/2015 19:57:00;201501101957;10/01/2015 19:48:00;201501101948
25004903965600001;250;06;005;BRIGNOLES;250;06;049;FREJUS OUEST;09/02/2014 13:14:00;201402091314;09/02/2014 12:43:00;201402091243
25004903965600001;250;06;005;BRIGNOLES;250;06;049;FREJUS OUEST;27/09/2014 00:30:00;201409270030;26/09/2014 23:26:00;201409262326
25004903965600001;250;06;005;BRIGNOLES;250;06;049;FREJUS OUEST;25/01/2015 18:26:00;201501251826;25/01/2015 18:00:00;201501251800
25004903965600001;250;06;002;LA BARQUE;250;06;049;FREJUS OUEST;17/01/2014 20:53:00;201401172053;17/01/2014 19:36:00;201401171936
25004903965600001;250;06;002;LA BARQUE;250;06;049;FREJUS OUEST;23/01/2014 19:50:00;201401231950;23/01/2014 18:50:00;201401231850
25004903965600001;250;06;002;LA BARQUE;250;06;049;FREJUS OUEST;08/01/2014 21:23:00;201401082123;08/01/2014 20:33:00;201401082033
25004903965600001;250;06;002;LA BARQUE;250;06;049;FREJUS OUEST;15/01/2014 20:40:00;201401152040;15/01/2014 19:40:00;201401151940
25004903965600001;250;06;002;LA BARQUE;250;06;049;FREJUS OUEST;03/01/2014 19:34:00;201401031934;03/01/2014 18:46:00;201401031846
25004903965600001;250;06;002;LA BARQUE;250;06;049;FREJUS OUEST;10/01/2014 20:28:00;201401102028;10/01/2014 19:27:00;201401101927
25004903965600001;250;06;002;LA BARQUE;250;06;049;FREJUS OUEST;30/01/2014 21:52:00;201401302152;30/01/2014 20:52:00;201401302052
25004903965600001;250;06;002;LA BARQUE;250;06;049;FREJUS OUEST;19/02/2014 21:04:00;201402192104;19/02/2014 20:08:00;201402192008
25004903965600001;250;06;002;LA BARQUE;250;06;049;FREJUS OUEST;13/02/2014 18:41:00;201402131841;13/02/2014 17:51:00;201402131751
25004903965600001;250;06;002;LA BARQUE;250;06;049;FREJUS OUEST;07/02/2014 20:53:00;201402072053;07/02/2014 19:51:00;201402071951
25004903965600001;250;06;002;LA BARQUE;250;06;049;FREJUS OUEST;21/02/2014 20:55:00;201402212055;21/02/2014 20:00:00;201402212000
25004903965600001;250;06;002;LA BARQUE;250;06;049;FREJUS OUEST;25/02/2014 20:29:00;201402252029;25/02/2014 19:31:00;201402251931
25004903965600001;250;06;002;LA BARQUE;250;06;049;FREJUS OUEST;05/02/2014 21:26:00;201402052126;05/02/2014 20:23:00;201402052023
25004903965600001;250;06;002;LA BARQUE;250;06;049;FREJUS OUEST;14/03/2014 19:00:00;201403141900;14/03/2014 18:00:00;201403141800
25004903965600001;250;06;002;LA BARQUE;250;06;049;FREJUS OUEST;24/03/2014 21:38:00;201403242138;24/03/2014 20:50:00;201403242050
25004903965600001;250;06;002;LA BARQUE;250;06;049;FREJUS OUEST;21/03/2014 20:40:00;201403212040;21/03/2014 19:21:00;201403211921
25004903965600001;250;06;002;LA BARQUE;250;06;049;FREJUS OUEST;17/03/2014 20:48:00;201403172048;17/03/2014 19:59:00;201403171959
25004903965600001;250;06;002;LA BARQUE;250;06;049;FREJUS OUEST;07/03/2014 18:35:00;201403071835;07/03/2014 17:33:00;201403071733
25004903965600001;250;06;002;LA BARQUE;250;06;049;FREJUS OUEST;04/04/2014 21:48:00;201404042148;04/04/2014 20:46:00;201404042046
25004903965600001;250;06;002;LA BARQUE;250;06;049;FREJUS OUEST;18/04/2014 21:08:00;201404182108;18/04/2014 20:19:00;201404182019
25004903965600001;250;06;002;LA BARQUE;250;06;049;FREJUS OUEST;24/04/2014 20:09:00;201404242009;24/04/2014 19:21:00;201404241921
25004903965600001;250;06;002;LA BARQUE;250;06;049;FREJUS OUEST;16/04/2014 18:40:00;201404161840;16/04/2014 17:51:00;201404161751
25004903965600001;250;06;002;LA BARQUE;250;06;049;FREJUS OUEST;30/04/2014 20:04:00;201404302004;30/04/2014 19:01:00;201404301901
25004903965600001;250;06;002;LA BARQUE;250;06;049;FREJUS OUEST;03/04/2014 17:54:00;201404031754;03/04/2014 16:49:00;201404031649
25004903965600001;250;06;002;LA BARQUE;250;06;049;FREJUS OUEST;27/05/2014 20:00:00;201405272000;27/05/2014 19:14:00;201405271914
25004903965600001;250;06;002;LA BARQUE;250;06;049;FREJUS OUEST;12/05/2014 19:29:00;201405121929;12/05/2014 18:42:00;201405121842
25004903965600001;250;06;002;LA BARQUE;250;06;049;FREJUS OUEST;15/05/2014 18:29:00;201405151829;15/05/2014 17:45:00;201405151745
25004903965600001;250;06;002;LA BARQUE;250;06;049;FREJUS OUEST;07/05/2014 20:54:00;201405072054;07/05/2014 20:05:00;201405072005
25004903965600001;250;06;002;LA BARQUE;250;06;049;FREJUS OUEST;06/06/2014 21:13:00;201406062113;06/06/2014 20:04:00;201406062004
25004903965600001;250;06;002;LA BARQUE;250;06;049;FREJUS OUEST;18/06/2014 21:43:00;201406182143;18/06/2014 20:58:00;201406182058
25004903965600001;250;06;002;LA BARQUE;250;06;049;FREJUS OUEST;11/06/2014 18:50:00;201406111850;11/06/2014 18:02:00;201406111802
25004903965600001;250;06;002;LA BARQUE;250;06;049;FREJUS OUEST;04/06/2014 18:50:00;201406041850;04/06/2014 17:50:00;201406041750
25004903965600001;250;06;002;LA BARQUE;250;06;049;FREJUS OUEST;13/06/2014 21:07:00;201406132107;13/06/2014 20:22:00;201406132022
25004903965600001;250;06;002;LA BARQUE;250;06;049;FREJUS OUEST;11/07/2014 21:30:00;201407112130;11/07/2014 20:18:00;201407112018
25004903965600001;250;06;002;LA BARQUE;250;06;049;FREJUS OUEST;09/07/2014 20:50:00;201407092050;09/07/2014 19:49:00;201407091949
25004903965600001;250;06;002;LA BARQUE;250;06;049;FREJUS OUEST;17/07/2014 20:30:00;201407172030;17/07/2014 19:32:00;201407171932
25004903965600001;250;06;002;LA BARQUE;250;06;049;FREJUS OUEST;25/07/2014 20:30:00;201407252030;25/07/2014 19:25:00;201407251925
25004903965600001;250;06;002;LA BARQUE;250;06;049;FREJUS OUEST;23/07/2014 20:38:00;201407232038;23/07/2014 19:41:00;201407231941
25004903965600001;250;06;002;LA BARQUE;250;06;049;FREJUS OUEST;04/07/2014 17:23:00;201407041723;04/07/2014 16:32:00;201407041632
25004903965600001;250;06;002;LA BARQUE;250;06;049;FREJUS OUEST;02/07/2014 20:17:00;201407022017;02/07/2014 19:29:00;201407021929
25004903965600001;250;06;002;LA BARQUE;250;06;049;FREJUS OUEST;01/08/2014 15:08:00;201408011508;01/08/2014 14:21:00;201408011421
25004903965600001;250;06;002;LA BARQUE;250;06;049;FREJUS OUEST;20/08/2014 20:29:00;201408202029;20/08/2014 19:32:00;201408201932
25004903965600001;250;06;002;LA BARQUE;250;06;049;FREJUS OUEST;27/08/2014 21:25:00;201408272125;27/08/2014 20:27:00;201408272027
25004903965600001;250;06;002;LA BARQUE;250;06;049;FREJUS OUEST;24/09/2014 18:24:00;201409241824;24/09/2014 17:28:00;201409241728
25004903965600001;250;06;002;LA BARQUE;250;06;049;FREJUS OUEST;05/09/2014 20:30:00;201409052030;05/09/2014 19:28:00;201409051928
25004903965600001;250;06;002;LA BARQUE;250;06;049;FREJUS OUEST;10/09/2014 19:42:00;201409101942;10/09/2014 18:49:00;201409101849
25004903965600001;250;06;002;LA BARQUE;250;06;049;FREJUS OUEST;03/09/2014 20:38:00;201409032038;03/09/2014 19:39:00;201409031939
25004903965600001;250;06;002;LA BARQUE;250;06;049;FREJUS OUEST;17/10/2014 20:49:00;201410172049;17/10/2014 19:59:00;201410171959
25004903965600001;250;06;002;LA BARQUE;250;06;049;FREJUS OUEST;08/10/2014 19:36:00;201410081936;08/10/2014 18:33:00;201410081833
25004903965600001;250;06;002;LA BARQUE;250;06;049;FREJUS OUEST;23/10/2014 20:02:00;201410232002;23/10/2014 19:13:00;201410231913
25004903965600001;250;06;002;LA BARQUE;250;06;049;FREJUS OUEST;29/10/2014 19:54:00;201410291954;29/10/2014 19:04:00;201410291904
25004903965600001;250;06;002;LA BARQUE;250;06;049;FREJUS OUEST;15/10/2014 21:13:00;201410152113;15/10/2014 20:20:00;201410152020
25004903965600001;250;06;002;LA BARQUE;250;06;049;FREJUS OUEST;31/10/2014 19:54:00;201410311954;31/10/2014 19:05:00;201410311905
25004903965600001;250;06;002;LA BARQUE;250;06;049;FREJUS OUEST;10/10/2014 20:34:00;201410102034;10/10/2014 19:44:00;201410101944
25004903965600001;250;06;002;LA BARQUE;250;06;049;FREJUS OUEST;01/10/2014 21:46:00;201410012146;01/10/2014 20:54:00;201410012054
25004903965600001;250;06;002;LA BARQUE;250;06;049;FREJUS OUEST;14/11/2014 21:04:00;201411142104;14/11/2014 20:10:00;201411142010
25004903965600001;250;06;002;LA BARQUE;250;06;049;FREJUS OUEST;06/11/2014 18:32:00;201411061832;06/11/2014 17:37:00;201411061737
25004903965600001;250;06;002;LA BARQUE;250;06;049;FREJUS OUEST;07/11/2014 18:17:00;201411071817;07/11/2014 17:21:00;201411071721
25004903965600001;250;06;002;LA BARQUE;250;06;049;FREJUS OUEST;27/11/2014 18:31:00;201411271831;27/11/2014 17:28:00;201411271728
25004903965600001;250;06;002;LA BARQUE;250;06;049;FREJUS OUEST;20/11/2014 18:29:00;201411201829;20/11/2014 17:42:00;201411201742
25004903965600001;250;06;002;LA BARQUE;250;06;049;FREJUS OUEST;28/11/2014 20:35:00;201411282035;28/11/2014 19:39:00;201411281939
25004903965600001;250;06;002;LA BARQUE;250;06;049;FREJUS OUEST;04/12/2014 20:54:00;201412042054;04/12/2014 19:53:00;201412041953
25004903965600001;250;06;002;LA BARQUE;250;06;049;FREJUS OUEST;10/12/2014 18:33:00;201412101833;10/12/2014 17:35:00;201412101735
25004903965600001;250;06;002;LA BARQUE;250;06;049;FREJUS OUEST;17/12/2014 18:51:00;201412171851;17/12/2014 17:51:00;201412171751
25004903965600001;250;06;002;LA BARQUE;250;06;049;FREJUS OUEST;31/12/2014 18:38:00;201412311838;31/12/2014 17:45:00;201412311745
25004903965600001;250;06;002;LA BARQUE;250;06;049;FREJUS OUEST;19/12/2014 18:32:00;201412191832;19/12/2014 17:37:00;201412191737
25004903965600001;250;06;002;LA BARQUE;250;06;049;FREJUS OUEST;30/01/2015 19:58:00;201501301958;30/01/2015 19:08:00;201501301908
25004903965600001;250;06;002;LA BARQUE;250;06;049;FREJUS OUEST;17/01/2015 01:04:00;201501170104;17/01/2015 00:06:00;201501170006
25004903965600001;250;06;002;LA BARQUE;250;06;049;FREJUS OUEST;29/01/2015 18:16:00;201501291816;29/01/2015 17:18:00;201501291718
25004903965600001;250;06;002;LA BARQUE;250;06;049;FREJUS OUEST;08/01/2015 19:52:00;201501081952;08/01/2015 19:01:00;201501081901
25004903965600001;250;06;002;LA BARQUE;250;06;049;FREJUS OUEST;23/01/2015 19:03:00;201501231903;23/01/2015 18:15:00;201501231815
25004903965600001;250;06;002;LA BARQUE;250;06;049;FREJUS OUEST;26/01/2015 20:21:00;201501262021;26/01/2015 19:33:00;201501261933
25004903965600001;250;06;002;LA BARQUE;250;06;049;FREJUS OUEST;14/01/2015 19:43:00;201501141943;14/01/2015 18:54:00;201501141854
25004903965600001;250;06;002;LA BARQUE;250;06;049;FREJUS OUEST;09/01/2015 20:52:00;201501092052;09/01/2015 20:03:00;201501092003
25004903965600001;250;06;002;LA BARQUE;250;06;049;FREJUS OUEST;11/02/2015 18:08:00;201502111808;11/02/2015 17:10:00;201502111710
25004903965600001;250;06;002;LA BARQUE;250;06;049;FREJUS OUEST;01/02/2015 15:44:00;201502011544;01/02/2015 14:51:00;201502011451
25004903965600001;250;06;002;LA BARQUE;250;06;049;FREJUS OUEST;26/02/2015 20:41:00;201502262041;26/02/2015 19:45:00;201502261945
25004903965600001;250;06;002;LA BARQUE;250;06;049;FREJUS OUEST;19/02/2015 19:43:00;201502191943;19/02/2015 18:47:00;201502191847
25004903965600001;250;06;002;LA BARQUE;250;06;049;FREJUS OUEST;28/02/2015 18:09:00;201502281809;28/02/2015 17:28:00;201502281728
25004903965600001;250;06;002;LA BARQUE;250;06;049;FREJUS OUEST;07/02/2015 21:31:00;201502072131;07/02/2015 20:27:00;201502072027
25004903965600001;250;06;002;LA BARQUE;250;06;049;FREJUS OUEST;04/02/2015 18:10:00;201502041810;04/02/2015 17:15:00;201502041715
25004903965600001;250;06;002;LA BARQUE;250;06;049;FREJUS OUEST;05/02/2015 20:48:00;201502052048;05/02/2015 19:39:00;201502051939
25004903965600001;250;06;049;FREJUS OUEST;250;06;006;CANNET DES MAURES;27/01/2015 10:24:00;201501271024;27/01/2015 10:05:00;201501271005
25004903965600001;250;06;009;CAPITOU;250;06;006;CANNET DES MAURES;29/01/2014 10:41:00;201401291041;29/01/2014 10:15:00;201401291015
25004903965600001;000;00;000;;250;06;025;MONACO;04/01/2015 15:19:00;201501041519;;
25004903965600001;000;00;000;;250;06;028;LAGHET;11/08/2014 00:23:00;201408110023;;
25004903965600001;250;06;049;FREJUS OUEST;250;06;036;PONT DE L ETOILE;07/12/2014 12:38:00;201412071238;07/12/2014 11:37:00;201412071137
25004903965600001;250;06;002;LA BARQUE;250;06;036;PONT DE L ETOILE;01/02/2014 13:50:00;201402011350;01/02/2014 13:41:00;201402011341
25004903965600001;250;06;002;LA BARQUE;250;06;036;PONT DE L ETOILE;28/02/2015 15:08:00;201502281508;28/02/2015 14:58:00;201502281458
25004903965600001;250;06;049;FREJUS OUEST;250;06;042;PUGET VILLE;16/02/2014 11:33:00;201402161133;16/02/2014 10:58:00;201402161058
25004903965600001;250;06;049;FREJUS OUEST;250;06;042;PUGET VILLE;31/05/2014 14:20:00;201405311420;31/05/2014 13:43:00;201405311343
25004903965600001;250;06;049;FREJUS OUEST;250;06;042;PUGET VILLE;18/05/2014 10:44:00;201405181044;18/05/2014 10:15:00;201405181015
25004903965600001;250;06;049;FREJUS OUEST;250;06;042;PUGET VILLE;25/05/2014 11:20:00;201405251120;25/05/2014 10:44:00;201405251044
25004903965600001;250;06;049;FREJUS OUEST;250;06;042;PUGET VILLE;10/11/2014 07:22:00;201411100722;10/11/2014 06:51:00;201411100651
25004903965600001;250;06;049;FREJUS OUEST;250;06;042;PUGET VILLE;10/11/2014 14:37:00;201411101437;10/11/2014 14:04:00;201411101404
25004903965600001;250;06;049;FREJUS OUEST;250;06;042;PUGET VILLE;12/11/2014 07:00:00;201411120700;12/11/2014 06:30:00;201411120630
25004903965600001;250;06;049;FREJUS OUEST;250;06;042;PUGET VILLE;26/12/2014 14:50:00;201412261450;26/12/2014 14:16:00;201412261416
25004903965600001;250;06;049;FREJUS OUEST;250;06;042;PUGET VILLE;08/02/2015 08:25:00;201502080825;08/02/2015 07:56:00;201502080756
25004903965600001;250;06;008;PUGET ECHANGEUR;250;06;042;PUGET VILLE;20/07/2014 11:28:00;201407201128;20/07/2014 10:59:00;201407201059
