NUM_MOY_PAIM;COD_PAY_ENTR;COD_STE_ENTR;COD_GARE_ENTR;LIB_GARE_ENT;COD_PAY_SOR;COD_STE_SOR;COD_GARE_SOR;LIB_GAR_SOR;HRD_SOR;DAT_SOR;HRD_ENTR;DAT_ENTR
25006982895200001;250;04;220;LANCON;250;04;205;VALENCE-S;27/03/2015 18:06:05;20150327180605;27/03/2015 16:41:00;20150327164100
25004903965600001;250;04;220;LANCON;250;04;205;VALENCE-S;04/04/2015 13:15:45;20150404131545;04/04/2015 11:24:12;20150404112412
25006981720810003;250;04;220;LANCON;250;04;205;VALENCE-S;11/04/2015 13:33:12;20150411133312;11/04/2015 12:16:36;20150411121636
25006981720810003;250;04;220;LANCON;250;04;205;VALENCE-S;30/05/2015 06:05:43;20150530060543;30/05/2015 04:49:28;20150530044928
25004903965600001;250;04;211;AVIGNON-N;250;04;205;VALENCE-S;22/01/2015 10:08:26;20150122100826;22/01/2015 08:49:28;20150122084928
25004903965600001;250;04;211;AVIGNON-N;250;04;205;VALENCE-S;10/06/2015 09:39:39;20150610093939;10/06/2015 08:43:00;20150610084300
25006981720810003;250;04;208;MONTELIMAR-S;250;04;205;VALENCE-S;20/09/2014 13:11:43;20140920131143;20/09/2014 12:47:36;20140920124736
25006980324810003;250;04;220;LANCON;250;04;201;VIENNE;19/04/2014 10:02:25;20140419100225;19/04/2014 08:04:32;20140419080432
25006980530210003;250;04;220;LANCON;250;04;201;VIENNE;01/05/2014 10:11:26;20140501101126;01/05/2014 08:14:06;20140501081406
25006980324810003;250;04;220;LANCON;250;04;201;VIENNE;30/07/2014 20:37:22;20140730203722;30/07/2014 18:43:12;20140730184312
25006980530210003;250;04;220;LANCON;250;04;201;VIENNE;04/08/2014 12:01:34;20140804120134;04/08/2014 10:03:12;20140804100312
25006981720810003;250;04;220;LANCON;250;04;201;VIENNE;23/09/2014 14:38:20;20140923143820;23/09/2014 12:51:42;20140923125142
25006980324810003;250;04;220;LANCON;250;04;201;VIENNE;25/10/2014 09:00:09;20141025090009;25/10/2014 06:46:28;20141025064628
25006980530210003;250;04;220;LANCON;250;04;201;VIENNE;09/11/2014 08:59:07;20141109085907;09/11/2014 07:08:00;20141109070800
25006981720810003;250;04;220;LANCON;250;04;201;VIENNE;18/12/2014 08:30:53;20141218083053;18/12/2014 06:44:40;20141218064440
25006980530210003;250;04;220;LANCON;250;04;201;VIENNE;20/01/2015 08:44:01;20150120084401;20/01/2015 06:49:18;20150120064918
25006982895200001;250;04;220;LANCON;250;04;201;VIENNE;13/02/2015 16:33:11;20150213163311;13/02/2015 14:39:28;20150213143928
25006982895200001;250;04;220;LANCON;250;04;201;VIENNE;24/04/2015 19:39:05;20150424193905;24/04/2015 17:37:52;20150424173752
25006982895200001;250;04;220;LANCON;250;04;201;VIENNE;29/04/2015 18:42:56;20150429184256;29/04/2015 16:50:30;20150429165030
25004903965600001;250;04;220;LANCON;250;04;201;VIENNE;03/05/2015 11:14:10;20150503111410;03/05/2015 09:29:18;20150503092918
25006980324810003;250;04;220;LANCON;250;04;201;VIENNE;07/05/2015 21:23:19;20150507212319;07/05/2015 19:42:04;20150507194204
25006980324810003;250;04;220;LANCON;250;04;201;VIENNE;13/05/2015 12:29:10;20150513122910;13/05/2015 10:40:20;20150513104020
25006980530210003;250;04;220;LANCON;250;04;201;VIENNE;13/05/2015 08:33:09;20150513083309;13/05/2015 06:39:08;20150513063908
25006980530210003;250;04;211;AVIGNON-N;250;04;201;VIENNE;22/05/2014 08:22:03;20140522082203;22/05/2014 06:36:26;20140522063626
25006982729610002;250;04;211;AVIGNON-N;250;04;201;VIENNE;11/07/2014 11:01:37;20140711110137;11/07/2014 09:12:40;20140711091240
25006980530210003;250;04;211;AVIGNON-N;250;04;201;VIENNE;30/10/2014 08:51:48;20141030085148;30/10/2014 07:02:58;20141030070258
25006982729610002;250;04;211;AVIGNON-N;250;04;201;VIENNE;17/07/2015 09:22:53;20150717092253;17/07/2015 07:37:18;20150717073718
25006982804710002;250;04;211;AVIGNON-N;250;04;201;VIENNE;11/07/2015 07:01:44;20150711070144;11/07/2015 05:36:58;20150711053658
25006980530210003;250;04;212;AVIGNON-S;250;04;201;VIENNE;19/03/2015 11:02:54;20150319110254;19/03/2015 09:23:08;20150319092308
25006981720810003;250;04;214;SENAS;250;04;204;VALENCE-N;31/07/2014 11:31:22;20140731113122;31/07/2014 10:15:10;20140731101510
25006980530210003;250;04;170;LES MARTRES ARTIERE;250;04;179;VEAUCHETTE;14/06/2014 14:20:19;20140614142019;14/06/2014 13:23:52;20140614132352
25004903965600001;250;04;496;TOULOUSE OUEST;250;04;476;MURET;28/07/2014 10:23:59;20140728102359;;
25006980017610002;250;04;496;TOULOUSE OUEST;250;04;476;MURET;17/07/2014 15:19:08;20140717151908;;
25006982895200001;250;04;101;ARVEYRES;250;04;106;MUSSIDAN BARRIERE;22/05/2015 11:14:06;20150522111406;22/05/2015 10:42:16;20150522104216
25006982895200001;250;04;101;ARVEYRES;250;04;106;MUSSIDAN BARRIERE;13/07/2015 19:47:00;20150713194700;13/07/2015 19:15:20;20150713191520
25006982895200001;250;04;113;PERIGUEUX EST;250;04;112;THENON;22/05/2015 11:45:53;20150522114553;;
25006982895200001;250;04;113;PERIGUEUX EST;250;04;112;THENON;13/07/2015 20:20:10;20150713202010;;
25004903965600001;250;04;986;BAYONNE-ST GEOURS M.;250;04;906;CAPBRETON;28/07/2014 16:06:49;20140728160649;;
25004903965600001;250;04;986;BAYONNE-ST GEOURS M.;250;04;906;CAPBRETON;29/07/2014 15:49:59;20140729154959;;
25004903965600001;250;04;986;BAYONNE-ST GEOURS M.;250;04;906;CAPBRETON;30/07/2014 17:07:20;20140730170720;;
25004903965600001;250;04;985;BAYONNE NORD;250;04;905;BAYONNE SUD;30/07/2014 10:34:56;20140730103456;;
25004903965600001;250;04;983;BAYONNE-S JEAN LUZ N;250;04;903;BIARRITZ;28/07/2014 12:55:52;20140728125552;;
25004903965600001;250;04;472;TOULOUSE EST;250;04;492;A68/A680;27/07/2014 16:13:37;20140727161337;;
25004903965600001;250;04;262;ARLES;250;04;226;MONTPELLIER 1;27/01/2014 09:30:23;20140127093023;27/01/2014 09:10:28;20140127091028
25006982729610002;250;04;262;ARLES;250;04;226;MONTPELLIER 1;28/01/2014 11:56:03;20140128115603;28/01/2014 11:35:34;20140128113534
25006980324810003;250;04;262;ARLES;250;04;226;MONTPELLIER 1;20/06/2014 20:19:48;20140620201948;20/06/2014 20:00:46;20140620200046
25006980530210003;250;04;262;ARLES;250;04;226;MONTPELLIER 1;13/06/2014 16:23:22;20140613162322;13/06/2014 15:58:44;20140613155844
25004903965600001;250;04;262;ARLES;250;04;226;MONTPELLIER 1;27/07/2014 13:12:16;20140727131216;27/07/2014 12:51:20;20140727125120
25006980017610002;250;04;262;ARLES;250;04;226;MONTPELLIER 1;17/07/2014 11:48:51;20140717114851;17/07/2014 11:28:00;20140717112800
25006980530210003;250;04;262;ARLES;250;04;226;MONTPELLIER 1;13/09/2014 10:52:45;20140913105245;13/09/2014 10:31:28;20140913103128
25006982895200001;250;04;262;ARLES;250;04;226;MONTPELLIER 1;23/01/2015 12:44:44;20150123124444;23/01/2015 12:24:42;20150123122442
25004903965600001;250;04;262;ARLES;250;04;226;MONTPELLIER 1;06/02/2015 16:17:10;20150206161710;06/02/2015 15:55:20;20150206155520
25006982895200001;250;04;262;ARLES;250;04;226;MONTPELLIER 1;27/02/2015 18:06:57;20150227180657;27/02/2015 17:45:30;20150227174530
25006980017610002;250;04;262;ARLES;250;04;226;MONTPELLIER 1;18/03/2015 18:12:22;20150318181222;18/03/2015 17:47:40;20150318174740
25006981720810003;250;04;262;ARLES;250;04;226;MONTPELLIER 1;18/03/2015 18:12:21;20150318181221;18/03/2015 17:47:44;20150318174744
25006982895200001;250;04;262;ARLES;250;04;226;MONTPELLIER 1;03/04/2015 21:55:35;20150403215535;03/04/2015 21:21:08;20150403212108
25006982895200001;250;04;262;ARLES;250;04;226;MONTPELLIER 1;07/05/2015 15:11:55;20150507151155;07/05/2015 14:51:28;20150507145128
25006982895200001;250;04;262;ARLES;250;04;226;MONTPELLIER 1;13/05/2015 13:57:17;20150513135717;13/05/2015 13:36:58;20150513133658
25006981720810003;250;04;262;ARLES;250;04;226;MONTPELLIER 1;10/07/2015 09:58:50;20150710095850;10/07/2015 09:36:38;20150710093638
25006982895200001;250;04;262;ARLES;250;04;226;MONTPELLIER 1;09/07/2015 19:32:50;20150709193250;09/07/2015 19:12:56;20150709191256
25004903965600001;250;04;210;ORANGE;250;04;226;MONTPELLIER 1;10/03/2014 23:07:00;20140310230700;10/03/2014 22:32:40;20140310223240
25004903965600001;250;04;210;ORANGE;250;04;226;MONTPELLIER 1;17/11/2014 19:04:56;20141117190456;17/11/2014 18:29:22;20141117182922
25004903965600001;250;04;210;ORANGE;250;04;226;MONTPELLIER 1;30/06/2015 08:04:36;20150630080436;30/06/2015 07:23:46;20150630072346
25006982729610002;250;04;222;REMOULINS;250;04;226;MONTPELLIER 1;17/01/2015 15:29:53;20150117152953;17/01/2015 15:02:28;20150117150228
25006982895200001;250;04;541;VIRSAC;250;04;544;CABARIOT;05/04/2015 09:54:04;20150405095404;05/04/2015 09:03:30;20150405090330
25004903965600001;250;04;407;GIGNAC;250;04;401;MONTAUBAN NORD;07/02/2015 15:36:47;20150207153647;07/02/2015 14:40:26;20150207144026
25006982895200001;250;04;407;GIGNAC;250;04;401;MONTAUBAN NORD;25/05/2015 18:58:01;20150525185801;25/05/2015 18:04:04;20150525180404
25006982895200001;250;04;541;VIRSAC;250;04;537;SAINTES;13/05/2015 19:13:34;20150513191334;13/05/2015 18:31:22;20150513183122
25006981720810003;250;04;220;LANCON;250;04;218;ORANGE-S;09/07/2014 13:52:57;20140709135257;09/07/2014 12:35:10;20140709123510
25006982729610002;250;04;220;LANCON;250;04;213;CAVAILLON;01/05/2014 12:34:21;20140501123421;01/05/2014 12:19:38;20140501121938
25006980530210003;250;04;220;LANCON;250;04;213;CAVAILLON;13/12/2014 12:56:59;20141213125659;13/12/2014 12:43:46;20141213124346
25006980530210003;250;04;220;LANCON;250;04;213;CAVAILLON;19/03/2015 08:49:24;20150319084924;19/03/2015 08:35:26;20150319083526
25006982895200001;250;04;220;LANCON;250;04;213;CAVAILLON;12/04/2015 12:06:09;20150412120609;12/04/2015 11:50:54;20150412115054
25006980530210003;250;04;220;LANCON;250;04;213;CAVAILLON;11/05/2015 08:53:17;20150511085317;11/05/2015 08:38:12;20150511083812
25006981720810003;250;04;331;MONTPELLIER 2;250;04;342;PERPIGNAN-NORD;10/07/2015 11:24:18;20150710112418;10/07/2015 10:19:04;20150710101904
25006981720810003;250;04;345;LE PERTHUS;250;04;343;PERPIGNAN-SUD;13/07/2015 13:01:48;20150713130148;13/07/2015 12:52:48;20150713125248
25004903965600001;250;04;210;ORANGE;250;04;225;GALLARGUES (F);23/01/2015 11:16:40;20150123111640;23/01/2015 10:38:36;20150123103836
25006982895200001;250;04;987;ST GEOURS DE MAREMNE;250;04;907;BENESSE;14/05/2015 11:58:31;20150514115831;;
25004903965600001;250;04;984;BAYONNE;250;04;904;LA NEGRESSE;29/07/2014 10:07:58;20140729100758;;
25006982895200001;250;04;984;BAYONNE;250;04;904;LA NEGRESSE;14/05/2015 12:12:25;20150514121225;;
25004903965600001;250;04;355;TOULOUSE-SUD/EST;250;04;331;MONTPELLIER 2;14/03/2014 16:32:25;20140314163225;14/03/2014 14:27:56;20140314142756
25004903965600001;250;04;355;TOULOUSE-SUD/EST;250;04;331;MONTPELLIER 2;19/11/2014 18:18:36;20141119181836;19/11/2014 16:16:14;20141119161614
25006982895200001;250;04;355;TOULOUSE-SUD/EST;250;04;331;MONTPELLIER 2;26/01/2015 09:32:05;20150126093205;26/01/2015 07:28:50;20150126072850
25004903965600001;250;04;355;TOULOUSE-SUD/EST;250;04;331;MONTPELLIER 2;07/02/2015 18:24:56;20150207182456;07/02/2015 16:16:22;20150207161622
25006982895200001;250;04;355;TOULOUSE-SUD/EST;250;04;331;MONTPELLIER 2;02/03/2015 11:13:58;20150302111358;02/03/2015 09:29:08;20150302092908
25006982895200001;250;04;355;TOULOUSE-SUD/EST;250;04;331;MONTPELLIER 2;07/04/2015 09:04:05;20150407090405;07/04/2015 07:17:30;20150407071730
25006982895200001;250;04;355;TOULOUSE-SUD/EST;250;04;331;MONTPELLIER 2;11/05/2015 08:49:21;20150511084921;11/05/2015 07:09:34;20150511070934
25006982895200001;250;04;355;TOULOUSE-SUD/EST;250;04;331;MONTPELLIER 2;25/05/2015 21:21:56;20150525212156;25/05/2015 19:40:26;20150525194026
25006980017610002;250;04;354;TOULOUSE-SUD/OUEST;250;04;331;MONTPELLIER 2;21/07/2014 14:56:52;20140721145652;21/07/2014 11:24:52;20140721112452
25006980530210003;250;04;354;TOULOUSE-SUD/OUEST;250;04;331;MONTPELLIER 2;14/09/2014 12:46:21;20140914124621;14/09/2014 10:50:52;20140914105052
25004903965600001;250;04;351;VILLEFRANCHE;250;04;331;MONTPELLIER 2;30/06/2015 19:10:18;20150630191018;30/06/2015 17:35:12;20150630173512
25004903965600001;250;04;347;CARCASSONNE-E;250;04;331;MONTPELLIER 2;01/08/2014 09:56:42;20140801095642;01/08/2014 08:53:26;20140801085326
25006980017610002;250;04;348;CARCASSONNE-O;250;04;331;MONTPELLIER 2;19/03/2015 17:24:49;20150319172449;19/03/2015 16:14:20;20150319161420
25004903965600001;250;04;339;NARBONNE-SUD;250;04;331;MONTPELLIER 2;27/01/2014 14:31:10;20140127143110;27/01/2014 13:50:38;20140127135038
25006981720810003;250;04;339;NARBONNE-SUD;250;04;331;MONTPELLIER 2;19/03/2015 17:17:46;20150319171746;19/03/2015 16:31:14;20150319163114
25006981720810003;250;04;342;PERPIGNAN-NORD;250;04;331;MONTPELLIER 2;13/07/2015 18:41:08;20150713184108;13/07/2015 17:36:36;20150713173636
25006980017610002;250;04;220;LANCON;250;04;210;ORANGE;17/01/2014 10:29:21;20140117102921;17/01/2014 09:54:32;20140117095432
25006980530210003;250;04;220;LANCON;250;04;210;ORANGE;25/03/2014 09:00:35;20140325090035;25/03/2014 08:21:36;20140325082136
25006980017610002;250;04;220;LANCON;250;04;210;ORANGE;15/04/2014 10:13:14;20140415101314;15/04/2014 09:38:00;20140415093800
25006981720810003;250;04;220;LANCON;250;04;210;ORANGE;15/04/2014 10:13:18;20140415101318;15/04/2014 09:38:02;20140415093802
25006980530210003;250;04;220;LANCON;250;04;210;ORANGE;12/09/2014 06:59:23;20140912065923;12/09/2014 06:23:12;20140912062312
25006980530210003;250;04;220;LANCON;250;04;210;ORANGE;08/12/2014 07:00:16;20141208070016;08/12/2014 06:24:38;20141208062438
25004903965600001;250;04;211;AVIGNON-N;250;04;210;ORANGE;04/02/2014 16:27:19;20140204162719;04/02/2014 16:15:30;20140204161530
25004903965600001;250;04;211;AVIGNON-N;250;04;210;ORANGE;10/03/2014 22:31:57;20140310223157;10/03/2014 22:20:32;20140310222032
25004903965600001;250;04;211;AVIGNON-N;250;04;210;ORANGE;17/11/2014 18:28:25;20141117182825;17/11/2014 18:16:42;20141117181642
25004903965600001;250;04;211;AVIGNON-N;250;04;210;ORANGE;23/01/2015 10:37:57;20150123103757;23/01/2015 10:24:48;20150123102448
25004903965600001;250;04;211;AVIGNON-N;250;04;210;ORANGE;30/06/2015 07:22:06;20150630072206;30/06/2015 07:09:38;20150630070938
25006981720810003;250;04;218;ORANGE-S;250;04;210;ORANGE;09/07/2014 13:57:42;20140709135742;09/07/2014 13:53:56;20140709135356
25004903965600001;250;04;226;MONTPELLIER 1;250;04;210;ORANGE;27/01/2014 15:23:59;20140127152359;27/01/2014 14:49:02;20140127144902
25004903965600001;250;04;226;MONTPELLIER 1;250;04;210;ORANGE;19/11/2014 19:14:34;20141119191434;19/11/2014 18:38:56;20141119183856
25004903965600001;250;04;226;MONTPELLIER 1;250;04;210;ORANGE;30/06/2015 20:08:02;20150630200802;30/06/2015 19:31:34;20150630193134
25004903965600001;250;04;090;TLPC:TARIF LE + CHER;250;04;210;ORANGE;23/01/2015 14:22:59;20150123142259;;
25006981720810003;250;04;220;LANCON;250;04;209;BOLLENE;20/09/2014 12:20:56;20140920122056;20/09/2014 11:33:48;20140920113348
25004903965600001;250;04;220;LANCON;250;04;212;AVIGNON-S;12/02/2014 01:16:59;20140212011659;12/02/2014 00:59:10;20140212005910
25004903965600001;250;04;220;LANCON;250;04;212;AVIGNON-S;31/03/2014 09:10:31;20140331091031;31/03/2014 08:49:14;20140331084914
25006980530210003;250;04;220;LANCON;250;04;212;AVIGNON-S;15/03/2014 11:14:13;20140315111413;15/03/2014 10:53:20;20140315105320
25006980530210003;250;04;220;LANCON;250;04;212;AVIGNON-S;22/03/2014 08:11:17;20140322081117;22/03/2014 07:53:00;20140322075300
25006982729610002;250;04;220;LANCON;250;04;212;AVIGNON-S;26/04/2014 12:12:06;20140426121206;26/04/2014 11:51:38;20140426115138
25006980530210003;250;04;220;LANCON;250;04;212;AVIGNON-S;06/09/2014 10:00:43;20140906100043;06/09/2014 09:40:28;20140906094028
25006982729610002;250;04;220;LANCON;250;04;212;AVIGNON-S;17/01/2015 11:08:14;20150117110814;17/01/2015 10:46:32;20150117104632
25004903965600001;250;04;220;LANCON;250;04;212;AVIGNON-S;20/03/2015 08:08:39;20150320080839;20/03/2015 07:48:34;20150320074834
25006980530210003;250;04;220;LANCON;250;04;212;AVIGNON-S;21/03/2015 08:56:35;20150321085635;21/03/2015 08:37:16;20150321083716
25006982729610002;250;04;220;LANCON;250;04;212;AVIGNON-S;26/04/2015 11:21:58;20150426112158;26/04/2015 11:00:32;20150426110032
25006980530210003;250;04;211;AVIGNON-N;250;04;212;AVIGNON-S;30/10/2014 15:53:20;20141030155320;30/10/2014 15:47:12;20141030154712
25004903965600001;250;04;339;NARBONNE-SUD;250;04;340;SIGEAN;11/03/2014 08:37:59;20140311083759;11/03/2014 08:28:32;20140311082832
25004903965600001;250;04;220;LANCON;250;04;211;AVIGNON-N;02/01/2014 09:45:42;20140102094542;02/01/2014 09:21:38;20140102092138
25004903965600001;250;04;220;LANCON;250;04;211;AVIGNON-N;06/01/2014 09:22:48;20140106092248;06/01/2014 08:57:20;20140106085720
25004903965600001;250;04;220;LANCON;250;04;211;AVIGNON-N;10/01/2014 09:07:15;20140110090715;10/01/2014 08:42:50;20140110084250
25004903965600001;250;04;220;LANCON;250;04;211;AVIGNON-N;13/01/2014 08:28:26;20140113082826;13/01/2014 08:04:40;20140113080440
25004903965600001;250;04;220;LANCON;250;04;211;AVIGNON-N;17/01/2014 08:04:31;20140117080431;17/01/2014 07:41:34;20140117074134
25004903965600001;250;04;220;LANCON;250;04;211;AVIGNON-N;22/01/2014 08:28:48;20140122082848;22/01/2014 08:04:34;20140122080434
25004903965600001;250;04;220;LANCON;250;04;211;AVIGNON-N;29/01/2014 14:54:43;20140129145443;29/01/2014 14:29:34;20140129142934
25006980530210003;250;04;220;LANCON;250;04;211;AVIGNON-N;12/01/2014 11:18:40;20140112111840;12/01/2014 10:51:38;20140112105138
25006980530210003;250;04;220;LANCON;250;04;211;AVIGNON-N;13/01/2014 08:36:51;20140113083651;13/01/2014 08:09:44;20140113080944
25006982729610002;250;04;220;LANCON;250;04;211;AVIGNON-N;03/01/2014 11:13:35;20140103111335;03/01/2014 10:48:20;20140103104820
25004903965600001;250;04;220;LANCON;250;04;211;AVIGNON-N;03/02/2014 08:13:31;20140203081331;03/02/2014 07:49:38;20140203074938
25004903965600001;250;04;220;LANCON;250;04;211;AVIGNON-N;07/02/2014 09:33:34;20140207093334;07/02/2014 09:06:46;20140207090646
25004903965600001;250;04;220;LANCON;250;04;211;AVIGNON-N;11/02/2014 09:01:51;20140211090151;11/02/2014 08:36:44;20140211083644
25004903965600001;250;04;220;LANCON;250;04;211;AVIGNON-N;17/02/2014 07:56:30;20140217075630;17/02/2014 07:31:56;20140217073156
25004903965600001;250;04;220;LANCON;250;04;211;AVIGNON-N;21/02/2014 08:54:39;20140221085439;21/02/2014 08:30:08;20140221083008
25004903965600001;250;04;220;LANCON;250;04;211;AVIGNON-N;24/02/2014 08:00:42;20140224080042;24/02/2014 07:36:00;20140224073600
25006980017610002;250;04;220;LANCON;250;04;211;AVIGNON-N;17/02/2014 09:36:54;20140217093654;17/02/2014 09:12:08;20140217091208
25006980324810003;250;04;220;LANCON;250;04;211;AVIGNON-N;11/02/2014 09:51:07;20140211095107;11/02/2014 09:25:14;20140211092514
25006980530210003;250;04;220;LANCON;250;04;211;AVIGNON-N;21/02/2014 09:18:07;20140221091807;21/02/2014 08:50:34;20140221085034
25006982729610002;250;04;220;LANCON;250;04;211;AVIGNON-N;17/02/2014 10:29:12;20140217102912;17/02/2014 10:03:42;20140217100342
25004903965600001;250;04;220;LANCON;250;04;211;AVIGNON-N;03/03/2014 09:08:05;20140303090805;03/03/2014 08:43:10;20140303084310
25004903965600001;250;04;220;LANCON;250;04;211;AVIGNON-N;06/03/2014 09:12:12;20140306091212;06/03/2014 08:48:22;20140306084822
25004903965600001;250;04;220;LANCON;250;04;211;AVIGNON-N;10/03/2014 09:06:37;20140310090637;10/03/2014 08:42:14;20140310084214
25004903965600001;250;04;220;LANCON;250;04;211;AVIGNON-N;17/03/2014 08:59:58;20140317085958;17/03/2014 08:35:22;20140317083522
25004903965600001;250;04;220;LANCON;250;04;211;AVIGNON-N;19/03/2014 09:18:51;20140319091851;19/03/2014 08:53:34;20140319085334
25004903965600001;250;04;220;LANCON;250;04;211;AVIGNON-N;24/03/2014 08:32:41;20140324083241;24/03/2014 08:07:08;20140324080708
25004903965600001;250;04;220;LANCON;250;04;211;AVIGNON-N;28/03/2014 09:19:11;20140328091911;28/03/2014 08:54:04;20140328085404
25004903965600001;250;04;220;LANCON;250;04;211;AVIGNON-N;04/04/2014 09:16:44;20140404091644;04/04/2014 08:52:42;20140404085242
25004903965600001;250;04;220;LANCON;250;04;211;AVIGNON-N;07/04/2014 08:27:10;20140407082710;07/04/2014 08:01:58;20140407080158
25004903965600001;250;04;220;LANCON;250;04;211;AVIGNON-N;14/04/2014 08:17:53;20140414081753;14/04/2014 07:52:50;20140414075250
25004903965600001;250;04;220;LANCON;250;04;211;AVIGNON-N;18/04/2014 08:44:26;20140418084426;18/04/2014 08:19:54;20140418081954
25004903965600001;250;04;220;LANCON;250;04;211;AVIGNON-N;22/04/2014 08:27:42;20140422082742;22/04/2014 08:03:04;20140422080304
25004903965600001;250;04;220;LANCON;250;04;211;AVIGNON-N;29/04/2014 09:10:18;20140429091018;29/04/2014 08:44:50;20140429084450
25006980530210003;250;04;220;LANCON;250;04;211;AVIGNON-N;07/04/2014 08:42:00;20140407084200;07/04/2014 08:15:36;20140407081536
25006982729610002;250;04;220;LANCON;250;04;211;AVIGNON-N;02/04/2014 09:25:11;20140402092511;02/04/2014 08:59:22;20140402085922
25004903965600001;250;04;220;LANCON;250;04;211;AVIGNON-N;06/05/2014 08:38:19;20140506083819;06/05/2014 08:14:06;20140506081406
25004903965600001;250;04;220;LANCON;250;04;211;AVIGNON-N;12/05/2014 09:02:34;20140512090234;12/05/2014 08:36:40;20140512083640
25004903965600001;250;04;220;LANCON;250;04;211;AVIGNON-N;14/05/2014 08:38:05;20140514083805;14/05/2014 08:12:34;20140514081234
25004903965600001;250;04;220;LANCON;250;04;211;AVIGNON-N;19/05/2014 08:26:00;20140519082600;19/05/2014 08:01:44;20140519080144
25004903965600001;250;04;220;LANCON;250;04;211;AVIGNON-N;26/05/2014 09:07:44;20140526090744;26/05/2014 08:42:08;20140526084208
25006980530210003;250;04;220;LANCON;250;04;211;AVIGNON-N;07/05/2014 09:02:50;20140507090250;07/05/2014 08:37:42;20140507083742
25006980530210003;250;04;220;LANCON;250;04;211;AVIGNON-N;22/05/2014 06:13:34;20140522061334;22/05/2014 05:50:10;20140522055010
25004903965600001;250;04;220;LANCON;250;04;211;AVIGNON-N;02/06/2014 09:36:29;20140602093629;02/06/2014 09:10:26;20140602091026
25004903965600001;250;04;220;LANCON;250;04;211;AVIGNON-N;06/06/2014 08:54:30;20140606085430;06/06/2014 08:30:06;20140606083006
25004903965600001;250;04;220;LANCON;250;04;211;AVIGNON-N;10/06/2014 09:36:27;20140610093627;10/06/2014 09:11:38;20140610091138
25004903965600001;250;04;220;LANCON;250;04;211;AVIGNON-N;13/06/2014 08:29:01;20140613082901;13/06/2014 08:04:36;20140613080436
25004903965600001;250;04;220;LANCON;250;04;211;AVIGNON-N;16/06/2014 09:00:08;20140616090008;16/06/2014 08:35:40;20140616083540
25004903965600001;250;04;220;LANCON;250;04;211;AVIGNON-N;24/06/2014 08:20:37;20140624082037;24/06/2014 07:55:42;20140624075542
25004903965600001;250;04;220;LANCON;250;04;211;AVIGNON-N;30/06/2014 09:07:59;20140630090759;30/06/2014 08:42:44;20140630084244
25006980530210003;250;04;220;LANCON;250;04;211;AVIGNON-N;30/06/2014 13:34:54;20140630133454;30/06/2014 13:08:24;20140630130824
25006981720810003;250;04;220;LANCON;250;04;211;AVIGNON-N;04/06/2014 08:44:23;20140604084423;04/06/2014 08:18:06;20140604081806
25004903965600001;250;04;220;LANCON;250;04;211;AVIGNON-N;04/07/2014 09:12:56;20140704091256;04/07/2014 08:47:42;20140704084742
25004903965600001;250;04;220;LANCON;250;04;211;AVIGNON-N;07/07/2014 09:00:42;20140707090042;07/07/2014 08:35:10;20140707083510
25004903965600001;250;04;220;LANCON;250;04;211;AVIGNON-N;11/07/2014 09:05:14;20140711090514;11/07/2014 08:38:40;20140711083840
25004903965600001;250;04;220;LANCON;250;04;211;AVIGNON-N;15/07/2014 08:14:55;20140715081455;15/07/2014 07:50:10;20140715075010
25004903965600001;250;04;220;LANCON;250;04;211;AVIGNON-N;21/07/2014 09:23:06;20140721092306;21/07/2014 08:57:04;20140721085704
25004903965600001;250;04;220;LANCON;250;04;211;AVIGNON-N;25/07/2014 08:55:14;20140725085514;25/07/2014 08:29:24;20140725082924
25006980017610002;250;04;220;LANCON;250;04;211;AVIGNON-N;15/07/2014 09:28:10;20140715092810;15/07/2014 09:02:44;20140715090244
25006980324810003;250;04;220;LANCON;250;04;211;AVIGNON-N;03/07/2014 09:15:03;20140703091503;03/07/2014 08:47:22;20140703084722
25006982729610002;250;04;220;LANCON;250;04;211;AVIGNON-N;10/07/2014 23:36:23;20140710233623;10/07/2014 23:10:24;20140710231024
25004903965600001;250;04;220;LANCON;250;04;211;AVIGNON-N;18/08/2014 09:00:42;20140818090042;18/08/2014 08:34:52;20140818083452
25004903965600001;250;04;220;LANCON;250;04;211;AVIGNON-N;25/08/2014 08:54:22;20140825085422;25/08/2014 08:28:40;20140825082840
25006982729610002;250;04;220;LANCON;250;04;211;AVIGNON-N;17/08/2014 11:40:59;20140817114059;17/08/2014 11:13:42;20140817111342
25004903965600001;250;04;220;LANCON;250;04;211;AVIGNON-N;01/09/2014 09:36:41;20140901093641;01/09/2014 09:10:42;20140901091042
25004903965600001;250;04;220;LANCON;250;04;211;AVIGNON-N;05/09/2014 08:54:45;20140905085445;05/09/2014 08:30:06;20140905083006
25004903965600001;250;04;220;LANCON;250;04;211;AVIGNON-N;08/09/2014 08:50:18;20140908085018;08/09/2014 08:24:42;20140908082442
25004903965600001;250;04;220;LANCON;250;04;211;AVIGNON-N;15/09/2014 09:30:39;20140915093039;15/09/2014 09:05:04;20140915090504
25004903965600001;250;04;220;LANCON;250;04;211;AVIGNON-N;22/09/2014 09:28:27;20140922092827;22/09/2014 09:03:22;20140922090322
25004903965600001;250;04;220;LANCON;250;04;211;AVIGNON-N;26/09/2014 09:15:13;20140926091513;26/09/2014 08:50:08;20140926085008
25004903965600001;250;04;220;LANCON;250;04;211;AVIGNON-N;29/09/2014 09:42:15;20140929094215;29/09/2014 09:16:42;20140929091642
25006980017610002;250;04;220;LANCON;250;04;211;AVIGNON-N;12/09/2014 09:50:15;20140912095015;12/09/2014 09:16:38;20140912091638
25006980530210003;250;04;220;LANCON;250;04;211;AVIGNON-N;05/09/2014 09:45:14;20140905094514;05/09/2014 09:16:02;20140905091602
25006980530210003;250;04;220;LANCON;250;04;211;AVIGNON-N;09/09/2014 06:49:43;20140909064943;09/09/2014 06:24:28;20140909062428
25006980530210003;250;04;220;LANCON;250;04;211;AVIGNON-N;11/09/2014 08:35:22;20140911083522;11/09/2014 08:08:08;20140911080808
25006981720810003;250;04;220;LANCON;250;04;211;AVIGNON-N;06/09/2014 17:35:04;20140906173504;06/09/2014 17:10:36;20140906171036
25006981720810003;250;04;220;LANCON;250;04;211;AVIGNON-N;15/09/2014 12:11:06;20140915121106;15/09/2014 11:44:58;20140915114458
25004903965600001;250;04;220;LANCON;250;04;211;AVIGNON-N;03/10/2014 08:12:53;20141003081253;03/10/2014 07:48:32;20141003074832
25004903965600001;250;04;220;LANCON;250;04;211;AVIGNON-N;06/10/2014 09:32:04;20141006093204;06/10/2014 09:08:06;20141006090806
25004903965600001;250;04;220;LANCON;250;04;211;AVIGNON-N;10/10/2014 07:57:31;20141010075731;10/10/2014 07:33:26;20141010073326
25004903965600001;250;04;220;LANCON;250;04;211;AVIGNON-N;20/10/2014 08:27:57;20141020082757;20/10/2014 08:02:38;20141020080238
25004903965600001;250;04;220;LANCON;250;04;211;AVIGNON-N;17/10/2014 09:13:19;20141017091319;17/10/2014 08:48:18;20141017084818
25004903965600001;250;04;220;LANCON;250;04;211;AVIGNON-N;13/10/2014 08:00:45;20141013080045;13/10/2014 07:35:12;20141013073512
25004903965600001;250;04;220;LANCON;250;04;211;AVIGNON-N;24/10/2014 09:12:26;20141024091226;24/10/2014 08:47:06;20141024084706
25004903965600001;250;04;220;LANCON;250;04;211;AVIGNON-N;27/10/2014 09:20:21;20141027092021;27/10/2014 08:54:06;20141027085406
25004903965600001;250;04;220;LANCON;250;04;211;AVIGNON-N;31/10/2014 09:25:05;20141031092505;31/10/2014 09:00:06;20141031090006
25006980017610002;250;04;220;LANCON;250;04;211;AVIGNON-N;07/10/2014 09:07:49;20141007090749;07/10/2014 08:42:04;20141007084204
25006980530210003;250;04;220;LANCON;250;04;211;AVIGNON-N;05/10/2014 11:01:57;20141005110157;05/10/2014 10:38:06;20141005103806
25006980530210003;250;04;220;LANCON;250;04;211;AVIGNON-N;30/10/2014 06:44:38;20141030064438;30/10/2014 06:19:20;20141030061920
25006981720810003;250;04;220;LANCON;250;04;211;AVIGNON-N;22/10/2014 20:00:22;20141022200022;22/10/2014 19:33:34;20141022193334
25006982729610002;250;04;220;LANCON;250;04;211;AVIGNON-N;07/10/2014 14:31:55;20141007143155;07/10/2014 14:04:38;20141007140438
25006982894800001;250;04;220;LANCON;250;04;211;AVIGNON-N;31/10/2014 08:10:19;20141031081019;31/10/2014 07:45:50;20141031074550
25004903965600001;250;04;220;LANCON;250;04;211;AVIGNON-N;03/11/2014 09:09:39;20141103090939;03/11/2014 08:45:02;20141103084502
25004903965600001;250;04;220;LANCON;250;04;211;AVIGNON-N;07/11/2014 09:04:01;20141107090401;07/11/2014 08:39:06;20141107083906
25004903965600001;250;04;220;LANCON;250;04;211;AVIGNON-N;17/11/2014 09:13:39;20141117091339;17/11/2014 08:48:16;20141117084816
25004903965600001;250;04;220;LANCON;250;04;211;AVIGNON-N;14/11/2014 09:17:43;20141114091743;14/11/2014 08:53:12;20141114085312
25004903965600001;250;04;220;LANCON;250;04;211;AVIGNON-N;24/11/2014 09:07:25;20141124090725;24/11/2014 08:41:30;20141124084130
25004903965600001;250;04;220;LANCON;250;04;211;AVIGNON-N;28/11/2014 08:46:02;20141128084602;28/11/2014 08:20:48;20141128082048
25004903965600001;250;04;220;LANCON;250;04;211;AVIGNON-N;01/12/2014 09:53:08;20141201095308;01/12/2014 09:26:32;20141201092632
25004903965600001;250;04;220;LANCON;250;04;211;AVIGNON-N;08/12/2014 09:29:55;20141208092955;08/12/2014 09:04:18;20141208090418
25004903965600001;250;04;220;LANCON;250;04;211;AVIGNON-N;12/12/2014 09:26:01;20141212092601;12/12/2014 09:00:38;20141212090038
25004903965600001;250;04;220;LANCON;250;04;211;AVIGNON-N;15/12/2014 10:19:28;20141215101928;15/12/2014 09:55:52;20141215095552
25004903965600001;250;04;220;LANCON;250;04;211;AVIGNON-N;18/12/2014 09:32:26;20141218093226;18/12/2014 09:07:00;20141218090700
25004903965600001;250;04;220;LANCON;250;04;211;AVIGNON-N;30/12/2014 09:39:00;20141230093900;30/12/2014 09:14:04;20141230091404
25006980017610002;250;04;220;LANCON;250;04;211;AVIGNON-N;15/12/2014 13:53:12;20141215135312;15/12/2014 13:15:30;20141215131530
25006980530210003;250;04;220;LANCON;250;04;211;AVIGNON-N;05/12/2014 09:49:29;20141205094929;05/12/2014 09:23:40;20141205092340
25004903965600001;250;04;220;LANCON;250;04;211;AVIGNON-N;05/01/2015 08:42:46;20150105084246;05/01/2015 08:17:10;20150105081710
25004903965600001;250;04;220;LANCON;250;04;211;AVIGNON-N;09/01/2015 09:27:54;20150109092754;09/01/2015 09:02:12;20150109090212
25004903965600001;250;04;220;LANCON;250;04;211;AVIGNON-N;12/01/2015 09:30:48;20150112093048;12/01/2015 09:04:34;20150112090434
25004903965600001;250;04;220;LANCON;250;04;211;AVIGNON-N;21/01/2015 08:28:18;20150121082818;21/01/2015 08:02:58;20150121080258
25004903965600001;250;04;220;LANCON;250;04;211;AVIGNON-N;26/01/2015 09:29:51;20150126092951;26/01/2015 09:04:58;20150126090458
25004903965600001;250;04;220;LANCON;250;04;211;AVIGNON-N;28/01/2015 08:38:04;20150128083804;28/01/2015 08:13:12;20150128081312
25004903965600001;250;04;220;LANCON;250;04;211;AVIGNON-N;30/01/2015 08:44:55;20150130084455;30/01/2015 08:20:06;20150130082006
25006980017610002;250;04;220;LANCON;250;04;211;AVIGNON-N;29/01/2015 09:32:20;20150129093220;29/01/2015 09:05:12;20150129090512
25006980530210003;250;04;220;LANCON;250;04;211;AVIGNON-N;28/01/2015 09:07:26;20150128090726;28/01/2015 08:40:58;20150128084058
25006980530210003;250;04;220;LANCON;250;04;211;AVIGNON-N;30/01/2015 09:41:15;20150130094115;30/01/2015 09:15:32;20150130091532
25006982895200001;250;04;220;LANCON;250;04;211;AVIGNON-N;15/01/2015 19:53:38;20150115195338;15/01/2015 19:28:24;20150115192824
25004903965600001;250;04;220;LANCON;250;04;211;AVIGNON-N;02/02/2015 09:10:23;20150202091023;02/02/2015 08:45:18;20150202084518
25004903965600001;250;04;220;LANCON;250;04;211;AVIGNON-N;05/02/2015 08:32:14;20150205083214;05/02/2015 08:06:42;20150205080642
25004903965600001;250;04;220;LANCON;250;04;211;AVIGNON-N;09/02/2015 09:07:56;20150209090756;09/02/2015 08:43:06;20150209084306
25004903965600001;250;04;220;LANCON;250;04;211;AVIGNON-N;16/02/2015 09:24:55;20150216092455;16/02/2015 09:00:08;20150216090008
25004903965600001;250;04;220;LANCON;250;04;211;AVIGNON-N;23/02/2015 08:46:03;20150223084603;23/02/2015 08:22:22;20150223082222
25006982894800001;250;04;220;LANCON;250;04;211;AVIGNON-N;04/02/2015 08:08:16;20150204080816;04/02/2015 07:43:52;20150204074352
25004903965600001;250;04;220;LANCON;250;04;211;AVIGNON-N;02/03/2015 09:03:59;20150302090359;02/03/2015 08:40:00;20150302084000
25004903965600001;250;04;220;LANCON;250;04;211;AVIGNON-N;03/03/2015 21:39:28;20150303213928;03/03/2015 21:17:38;20150303211738
25004903965600001;250;04;220;LANCON;250;04;211;AVIGNON-N;06/03/2015 08:32:47;20150306083247;06/03/2015 08:08:48;20150306080848
25004903965600001;250;04;220;LANCON;250;04;211;AVIGNON-N;09/03/2015 09:01:01;20150309090101;09/03/2015 08:36:10;20150309083610
25004903965600001;250;04;220;LANCON;250;04;211;AVIGNON-N;12/03/2015 08:27:38;20150312082738;12/03/2015 08:02:42;20150312080242
25004903965600001;250;04;220;LANCON;250;04;211;AVIGNON-N;16/03/2015 09:30:21;20150316093021;16/03/2015 09:05:40;20150316090540
25004903965600001;250;04;220;LANCON;250;04;211;AVIGNON-N;23/03/2015 09:51:12;20150323095112;23/03/2015 09:26:12;20150323092612
25004903965600001;250;04;220;LANCON;250;04;211;AVIGNON-N;27/03/2015 08:47:11;20150327084711;27/03/2015 08:21:40;20150327082140
25004903965600001;250;04;220;LANCON;250;04;211;AVIGNON-N;29/03/2015 22:28:00;20150329222800;29/03/2015 22:06:22;20150329220622
25006980530210003;250;04;220;LANCON;250;04;211;AVIGNON-N;31/03/2015 14:22:00;20150331142200;31/03/2015 13:54:56;20150331135456
25006981720810003;250;04;220;LANCON;250;04;211;AVIGNON-N;28/03/2015 19:42:23;20150328194223;28/03/2015 19:18:58;20150328191858
25006982894800001;250;04;220;LANCON;250;04;211;AVIGNON-N;13/03/2015 08:26:29;20150313082629;13/03/2015 08:02:16;20150313080216
25004903965600001;250;04;220;LANCON;250;04;211;AVIGNON-N;07/04/2015 09:41:09;20150407094109;07/04/2015 09:15:22;20150407091522
25004903965600001;250;04;220;LANCON;250;04;211;AVIGNON-N;13/04/2015 09:39:44;20150413093944;13/04/2015 09:15:02;20150413091502
25004903965600001;250;04;220;LANCON;250;04;211;AVIGNON-N;20/04/2015 09:06:29;20150420090629;20/04/2015 08:42:18;20150420084218
25004903965600001;250;04;220;LANCON;250;04;211;AVIGNON-N;24/04/2015 08:58:15;20150424085815;24/04/2015 08:33:46;20150424083346
25004903965600001;250;04;220;LANCON;250;04;211;AVIGNON-N;27/04/2015 09:39:12;20150427093912;27/04/2015 09:09:50;20150427090950
25006980017610002;250;04;220;LANCON;250;04;211;AVIGNON-N;23/04/2015 09:28:17;20150423092817;23/04/2015 09:03:40;20150423090340
25006980530210003;250;04;220;LANCON;250;04;211;AVIGNON-N;08/04/2015 08:41:56;20150408084156;08/04/2015 08:14:20;20150408081420
25006982894800001;250;04;220;LANCON;250;04;211;AVIGNON-N;08/04/2015 09:17:19;20150408091719;08/04/2015 08:52:16;20150408085216
25006982894800001;250;04;220;LANCON;250;04;211;AVIGNON-N;27/04/2015 15:49:30;20150427154930;27/04/2015 15:23:02;20150427152302
25006982895200001;250;04;220;LANCON;250;04;211;AVIGNON-N;20/04/2015 18:59:38;20150420185938;20/04/2015 18:34:20;20150420183420
25004903965600001;250;04;220;LANCON;250;04;211;AVIGNON-N;11/05/2015 09:14:31;20150511091431;11/05/2015 08:49:42;20150511084942
25004903965600001;250;04;220;LANCON;250;04;211;AVIGNON-N;19/05/2015 09:39:14;20150519093914;19/05/2015 09:14:26;20150519091426
25004903965600001;250;04;220;LANCON;250;04;211;AVIGNON-N;26/05/2015 08:44:38;20150526084438;26/05/2015 08:20:30;20150526082030
25004903965600001;250;04;220;LANCON;250;04;211;AVIGNON-N;01/06/2015 09:14:47;20150601091447;01/06/2015 08:50:38;20150601085038
25004903965600001;250;04;220;LANCON;250;04;211;AVIGNON-N;05/06/2015 08:27:26;20150605082726;05/06/2015 08:02:12;20150605080212
25004903965600001;250;04;220;LANCON;250;04;211;AVIGNON-N;08/06/2015 09:24:53;20150608092453;08/06/2015 08:59:54;20150608085954
25004903965600001;250;04;220;LANCON;250;04;211;AVIGNON-N;15/06/2015 09:04:37;20150615090437;15/06/2015 08:38:00;20150615083800
25004903965600001;250;04;220;LANCON;250;04;211;AVIGNON-N;17/06/2015 12:37:05;20150617123705;17/06/2015 12:10:40;20150617121040
25004903965600001;250;04;220;LANCON;250;04;211;AVIGNON-N;22/06/2015 07:58:14;20150622075814;22/06/2015 07:33:28;20150622073328
25004903965600001;250;04;220;LANCON;250;04;211;AVIGNON-N;26/06/2015 09:14:10;20150626091410;26/06/2015 08:49:02;20150626084902
25004903965600001;250;04;220;LANCON;250;04;211;AVIGNON-N;29/06/2015 10:23:18;20150629102318;29/06/2015 09:57:38;20150629095738
25006982804710002;250;04;220;LANCON;250;04;211;AVIGNON-N;30/06/2015 20:49:53;20150630204953;30/06/2015 20:25:22;20150630202522
25006982894800001;250;04;220;LANCON;250;04;211;AVIGNON-N;17/06/2015 17:36:22;20150617173622;17/06/2015 17:11:38;20150617171138
25004903965600001;250;04;220;LANCON;250;04;211;AVIGNON-N;03/07/2015 07:54:43;20150703075443;03/07/2015 07:30:08;20150703073008
25004903965600001;250;04;220;LANCON;250;04;211;AVIGNON-N;06/07/2015 09:18:00;20150706091800;06/07/2015 08:53:14;20150706085314
25006982729610002;250;04;220;LANCON;250;04;211;AVIGNON-N;13/07/2015 08:28:02;20150713082802;13/07/2015 08:02:48;20150713080248
25006982729610002;250;04;220;LANCON;250;04;211;AVIGNON-N;16/07/2015 20:33:48;20150716203348;16/07/2015 20:07:50;20150716200750
25006982804710002;250;04;220;LANCON;250;04;211;AVIGNON-N;01/07/2015 19:44:53;20150701194453;01/07/2015 19:20:06;20150701192006
25006982804710002;250;04;220;LANCON;250;04;211;AVIGNON-N;02/07/2015 19:51:11;20150702195111;02/07/2015 19:27:36;20150702192736
25006982804710002;250;04;220;LANCON;250;04;211;AVIGNON-N;03/07/2015 20:22:05;20150703202205;03/07/2015 19:57:26;20150703195726
25006982804710002;250;04;220;LANCON;250;04;211;AVIGNON-N;04/07/2015 17:04:03;20150704170403;04/07/2015 16:39:04;20150704163904
25006982804710002;250;04;220;LANCON;250;04;211;AVIGNON-N;05/07/2015 13:47:14;20150705134714;05/07/2015 13:22:36;20150705132236
25006982804710002;250;04;220;LANCON;250;04;211;AVIGNON-N;07/07/2015 20:02:43;20150707200243;07/07/2015 19:37:50;20150707193750
25006982804710002;250;04;220;LANCON;250;04;211;AVIGNON-N;10/07/2015 18:55:12;20150710185512;10/07/2015 18:25:02;20150710182502
25006980530210003;250;04;212;AVIGNON-S;250;04;211;AVIGNON-N;11/05/2015 09:37:06;20150511093706;11/05/2015 09:29:40;20150511092940
25004903965600001;250;04;210;ORANGE;250;04;211;AVIGNON-N;27/01/2014 15:36:55;20140127153655;27/01/2014 15:25:00;20140127152500
25004903965600001;250;04;210;ORANGE;250;04;211;AVIGNON-N;04/02/2014 17:41:05;20140204174105;04/02/2014 17:28:52;20140204172852
25004903965600001;250;04;210;ORANGE;250;04;211;AVIGNON-N;19/11/2014 19:27:43;20141119192743;19/11/2014 19:15:14;20141119191514
25004903965600001;250;04;210;ORANGE;250;04;211;AVIGNON-N;23/01/2015 14:36:00;20150123143600;23/01/2015 14:23:56;20150123142356
25004903965600001;250;04;210;ORANGE;250;04;211;AVIGNON-N;30/06/2015 20:20:42;20150630202042;30/06/2015 20:08:44;20150630200844
25006982804710002;250;04;218;ORANGE-S;250;04;211;AVIGNON-N;08/07/2015 11:44:43;20150708114443;08/07/2015 11:35:58;20150708113558
25006980530210003;250;04;201;VIENNE;250;04;211;AVIGNON-N;30/10/2014 15:41:49;20141030154149;30/10/2014 14:04:56;20141030140456
25006982804710002;250;04;201;VIENNE;250;04;211;AVIGNON-N;18/07/2015 20:40:26;20150718204026;18/07/2015 19:14:44;20150718191444
25004903965600001;250;04;205;VALENCE-S;250;04;211;AVIGNON-N;22/01/2015 16:47:45;20150122164745;22/01/2015 15:43:32;20150122154332
25004903965600001;250;04;205;VALENCE-S;250;04;211;AVIGNON-N;10/06/2015 19:18:04;20150610191804;10/06/2015 18:19:46;20150610181946
25006981720810003;250;04;348;CARCASSONNE-O;250;04;339;NARBONNE-SUD;19/03/2015 12:11:45;20150319121145;19/03/2015 11:38:04;20150319113804
25004903965600001;250;04;331;MONTPELLIER 2;250;04;339;NARBONNE-SUD;27/01/2014 10:42:24;20140127104224;27/01/2014 10:00:08;20140127100008
25004903965600001;250;04;331;MONTPELLIER 2;250;04;339;NARBONNE-SUD;11/03/2014 00:05:55;20140311000555;10/03/2014 23:25:08;20140310232508
25006980017610002;250;04;331;MONTPELLIER 2;250;04;339;NARBONNE-SUD;18/03/2015 19:12:30;20150318191230;18/03/2015 18:31:52;20150318183152
25006981720810003;250;04;331;MONTPELLIER 2;250;04;339;NARBONNE-SUD;18/03/2015 19:12:35;20150318191235;18/03/2015 18:31:56;20150318183156
25004903965600001;250;04;468;SAINT-SELVE;250;04;456;TOULOUSE-NORD/EST;19/11/2014 16:05:27;20141119160527;19/11/2014 14:25:54;20141119142554
25006982895200001;250;04;468;SAINT-SELVE;250;04;456;TOULOUSE-NORD/EST;26/01/2015 07:17:21;20150126071721;26/01/2015 05:39:46;20150126053946
25006982895200001;250;04;468;SAINT-SELVE;250;04;456;TOULOUSE-NORD/EST;02/03/2015 08:42:20;20150302084220;02/03/2015 07:06:02;20150302070602
25006982895200001;250;04;468;SAINT-SELVE;250;04;456;TOULOUSE-NORD/EST;07/04/2015 07:06:40;20150407070640;07/04/2015 05:35:12;20150407053512
25006982895200001;250;04;468;SAINT-SELVE;250;04;456;TOULOUSE-NORD/EST;11/05/2015 06:59:33;20150511065933;11/05/2015 05:36:18;20150511053618
25004903965600001;250;04;459;MONTAUBAN;250;04;456;TOULOUSE-NORD/EST;07/02/2015 16:05:06;20150207160506;07/02/2015 15:48:08;20150207154808
25006982895200001;250;04;459;MONTAUBAN;250;04;456;TOULOUSE-NORD/EST;25/05/2015 19:30:05;20150525193005;25/05/2015 19:09:28;20150525190928
25004903965600001;250;04;468;SAINT-SELVE;250;04;457;TOULOUSE-NORD/OUEST;12/03/2014 20:23:15;20140312202315;12/03/2014 18:31:58;20140312183158
25004903965600001;250;04;457;TOULOUSE-NORD/OUEST;250;04;459;MONTAUBAN;07/02/2015 08:35:57;20150207083557;07/02/2015 08:19:16;20150207081916
25006980530210003;250;04;456;TOULOUSE-NORD/EST;250;04;459;MONTAUBAN;13/06/2014 19:13:03;20140613191303;13/06/2014 18:57:48;20140613185748
25006982895200001;250;04;456;TOULOUSE-NORD/EST;250;04;463;AIGUILLON;27/02/2015 21:24:44;20150227212444;27/02/2015 20:20:32;20150227202032
25006982895200001;250;04;468;SAINT-SELVE;250;04;464;MARMANDE;06/04/2015 11:56:59;20150406115659;06/04/2015 11:22:06;20150406112206
25006982895200001;250;04;695;TARBES OUEST;250;04;468;SAINT-SELVE;10/05/2015 18:44:49;20150510184449;10/05/2015 17:00:56;20150510170056
25006982895200001;250;04;464;MARMANDE;250;04;468;SAINT-SELVE;06/04/2015 15:02:17;20150406150217;06/04/2015 14:36:04;20150406143604
25006982895200001;250;04;463;AIGUILLON;250;04;468;SAINT-SELVE;27/02/2015 22:08:48;20150227220848;27/02/2015 21:32:30;20150227213230
25004903965600001;250;04;456;TOULOUSE-NORD/EST;250;04;468;SAINT-SELVE;11/03/2014 11:47:03;20140311114703;11/03/2014 10:00:14;20140311100014
25004903965600001;250;04;456;TOULOUSE-NORD/EST;250;04;468;SAINT-SELVE;18/11/2014 11:19:03;20141118111903;18/11/2014 09:16:18;20141118091618
25006982895200001;250;04;456;TOULOUSE-NORD/EST;250;04;468;SAINT-SELVE;23/01/2015 16:50:58;20150123165058;23/01/2015 15:13:16;20150123151316
25006982895200001;250;04;456;TOULOUSE-NORD/EST;250;04;468;SAINT-SELVE;04/04/2015 01:32:27;20150404013227;04/04/2015 00:08:22;20150404000822
25006982895200001;250;04;456;TOULOUSE-NORD/EST;250;04;468;SAINT-SELVE;07/05/2015 19:35:01;20150507193501;07/05/2015 18:02:04;20150507180204
25006982895200001;250;04;456;TOULOUSE-NORD/EST;250;04;468;SAINT-SELVE;13/05/2015 17:55:44;20150513175544;13/05/2015 16:20:02;20150513162002
25006982895200001;250;04;456;TOULOUSE-NORD/EST;250;04;468;SAINT-SELVE;09/07/2015 23:37:20;20150709233720;09/07/2015 22:08:46;20150709220846
25006980017610002;250;04;638;TARBES EST;250;04;695;TARBES OUEST;18/07/2014 09:18:50;20140718091850;18/07/2014 09:13:50;20140718091350
25006982895200001;250;04;468;SAINT-SELVE;250;04;695;TARBES OUEST;08/05/2015 10:17:46;20150508101746;08/05/2015 08:35:48;20150508083548
25006980017610002;250;04;650;LESTELLE;250;04;638;TARBES EST;17/07/2014 16:53:42;20140717165342;17/07/2014 16:17:42;20140717161742
25006980017610002;250;04;642;CAPVERN;250;04;638;TARBES EST;20/07/2014 18:12:09;20140720181209;20/07/2014 17:57:52;20140720175752
25006980017610002;250;04;339;NARBONNE-SUD;250;04;348;CARCASSONNE-O;19/03/2015 14:29:04;20150319142904;19/03/2015 13:58:54;20150319135854
25006981720810003;250;04;339;NARBONNE-SUD;250;04;348;CARCASSONNE-O;19/03/2015 08:59:20;20150319085920;19/03/2015 08:27:22;20150319082722
25006982895200001;250;04;331;MONTPELLIER 2;250;04;348;CARCASSONNE-O;07/05/2015 16:38:42;20150507163842;07/05/2015 15:30:54;20150507153054
25004903965600001;250;04;356;NAILLOUX;250;04;347;CARCASSONNE-E;31/07/2014 16:42:12;20140731164212;31/07/2014 16:04:14;20140731160414
25004903965600001;250;04;331;MONTPELLIER 2;250;04;347;CARCASSONNE-E;17/11/2014 20:29:01;20141117202901;17/11/2014 19:23:40;20141117192340
25006982729610002;250;04;266;SALON OUEST;250;04;220;LANCON;16/06/2014 17:29:32;20140616172932;16/06/2014 17:21:36;20140616172136
25006982729610002;250;04;266;SALON OUEST;250;04;220;LANCON;09/09/2014 16:33:07;20140909163307;09/09/2014 16:24:46;20140909162446
25006982894800001;250;04;266;SALON OUEST;250;04;220;LANCON;16/04/2015 17:42:56;20150416174256;16/04/2015 17:35:30;20150416173530
25006982729610002;250;04;265;SAINT MARTIN DE CRAU;250;04;220;LANCON;29/01/2014 17:37:09;20140129173709;29/01/2014 17:23:26;20140129172326
25004903965600001;250;04;265;SAINT MARTIN DE CRAU;250;04;220;LANCON;14/03/2014 17:43:25;20140314174325;14/03/2014 17:29:30;20140314172930
25006980530210003;250;04;265;SAINT MARTIN DE CRAU;250;04;220;LANCON;19/04/2014 18:45:24;20140419184524;19/04/2014 18:32:16;20140419183216
25006980324810003;250;04;265;SAINT MARTIN DE CRAU;250;04;220;LANCON;22/06/2014 17:19:38;20140622171938;22/06/2014 17:05:46;20140622170546
25006980017610002;250;04;265;SAINT MARTIN DE CRAU;250;04;220;LANCON;21/07/2014 16:07:48;20140721160748;21/07/2014 15:53:00;20140721155300
25004903965600001;250;04;265;SAINT MARTIN DE CRAU;250;04;220;LANCON;01/08/2014 11:06:28;20140801110628;01/08/2014 10:52:24;20140801105224
25006980324810003;250;04;265;SAINT MARTIN DE CRAU;250;04;220;LANCON;26/09/2014 13:18:20;20140926131820;26/09/2014 13:04:12;20140926130412
25006980530210003;250;04;265;SAINT MARTIN DE CRAU;250;04;220;LANCON;14/09/2014 14:02:02;20140914140202;14/09/2014 13:48:58;20140914134858
25006982729610002;250;04;265;SAINT MARTIN DE CRAU;250;04;220;LANCON;17/01/2015 20:00:37;20150117200037;17/01/2015 19:46:36;20150117194636
25006982895200001;250;04;265;SAINT MARTIN DE CRAU;250;04;220;LANCON;26/01/2015 10:43:19;20150126104319;26/01/2015 10:29:10;20150126102910
25004903965600001;250;04;265;SAINT MARTIN DE CRAU;250;04;220;LANCON;07/02/2015 20:09:11;20150207200911;07/02/2015 19:54:58;20150207195458
25006980017610002;250;04;265;SAINT MARTIN DE CRAU;250;04;220;LANCON;19/03/2015 18:39:54;20150319183954;19/03/2015 18:26:14;20150319182614
25006981720810003;250;04;265;SAINT MARTIN DE CRAU;250;04;220;LANCON;19/03/2015 18:23:07;20150319182307;19/03/2015 18:09:42;20150319180942
25006982895200001;250;04;265;SAINT MARTIN DE CRAU;250;04;220;LANCON;02/03/2015 13:01:15;20150302130115;02/03/2015 12:47:04;20150302124704
25006982895200001;250;04;265;SAINT MARTIN DE CRAU;250;04;220;LANCON;07/04/2015 10:20:04;20150407102004;07/04/2015 10:06:16;20150407100616
25006982895200001;250;04;265;SAINT MARTIN DE CRAU;250;04;220;LANCON;11/05/2015 10:13:16;20150511101316;11/05/2015 09:59:40;20150511095940
25006982895200001;250;04;265;SAINT MARTIN DE CRAU;250;04;220;LANCON;25/05/2015 23:58:25;20150525235825;25/05/2015 23:45:36;20150525234536
25006981720810003;250;04;265;SAINT MARTIN DE CRAU;250;04;220;LANCON;13/07/2015 19:47:34;20150713194734;13/07/2015 19:33:40;20150713193340
25004903965600001;250;04;219;SALON SUD;250;04;220;LANCON;13/07/2014 09:12:58;20140713091258;13/07/2014 09:09:02;20140713090902
25006982729610002;250;04;214;SENAS;250;04;220;LANCON;18/04/2014 21:16:12;20140418211612;18/04/2014 21:06:20;20140418210620
25006982729610002;250;04;214;SENAS;250;04;220;LANCON;01/07/2014 12:29:46;20140701122946;01/07/2014 12:18:44;20140701121844
25006982729610002;250;04;214;SENAS;250;04;220;LANCON;09/07/2014 14:32:35;20140709143235;09/07/2014 14:22:00;20140709142200
25004903965600001;250;04;211;AVIGNON-N;250;04;220;LANCON;03/01/2014 18:30:25;20140103183025;03/01/2014 18:06:36;20140103180636
25004903965600001;250;04;211;AVIGNON-N;250;04;220;LANCON;10/01/2014 19:10:02;20140110191002;10/01/2014 18:42:08;20140110184208
25004903965600001;250;04;211;AVIGNON-N;250;04;220;LANCON;15/01/2014 19:23:35;20140115192335;15/01/2014 18:58:52;20140115185852
25004903965600001;250;04;211;AVIGNON-N;250;04;220;LANCON;17/01/2014 19:18:07;20140117191807;17/01/2014 18:53:32;20140117185332
25004903965600001;250;04;211;AVIGNON-N;250;04;220;LANCON;22/01/2014 18:36:34;20140122183634;22/01/2014 18:05:06;20140122180506
25004903965600001;250;04;211;AVIGNON-N;250;04;220;LANCON;28/01/2014 18:08:06;20140128180806;28/01/2014 17:43:48;20140128174348
25006980530210003;250;04;211;AVIGNON-N;250;04;220;LANCON;12/01/2014 13:03:41;20140112130341;12/01/2014 12:37:06;20140112123706
25006980530210003;250;04;211;AVIGNON-N;250;04;220;LANCON;13/01/2014 11:44:48;20140113114448;13/01/2014 11:18:52;20140113111852
25006982729610002;250;04;211;AVIGNON-N;250;04;220;LANCON;03/01/2014 15:49:19;20140103154919;03/01/2014 15:25:10;20140103152510
25004903965600001;250;04;211;AVIGNON-N;250;04;220;LANCON;05/02/2014 20:04:38;20140205200438;05/02/2014 19:29:24;20140205192924
25004903965600001;250;04;211;AVIGNON-N;250;04;220;LANCON;07/02/2014 19:34:08;20140207193408;07/02/2014 19:09:26;20140207190926
25004903965600001;250;04;211;AVIGNON-N;250;04;220;LANCON;13/02/2014 17:33:54;20140213173354;13/02/2014 17:08:56;20140213170856
25004903965600001;250;04;211;AVIGNON-N;250;04;220;LANCON;19/02/2014 19:51:38;20140219195138;19/02/2014 19:14:30;20140219191430
25004903965600001;250;04;211;AVIGNON-N;250;04;220;LANCON;21/02/2014 19:44:25;20140221194425;21/02/2014 19:21:06;20140221192106
25006980017610002;250;04;211;AVIGNON-N;250;04;220;LANCON;17/02/2014 14:44:01;20140217144401;17/02/2014 14:19:22;20140217141922
25006980324810003;250;04;211;AVIGNON-N;250;04;220;LANCON;11/02/2014 15:22:30;20140211152230;11/02/2014 14:56:22;20140211145622
25006980530210003;250;04;211;AVIGNON-N;250;04;220;LANCON;21/02/2014 14:20:17;20140221142017;21/02/2014 13:55:22;20140221135522
25006982729610002;250;04;211;AVIGNON-N;250;04;220;LANCON;17/02/2014 17:11:41;20140217171141;17/02/2014 16:46:30;20140217164630
25004903965600001;250;04;211;AVIGNON-N;250;04;220;LANCON;03/03/2014 19:03:47;20140303190347;03/03/2014 18:39:16;20140303183916
25004903965600001;250;04;211;AVIGNON-N;250;04;220;LANCON;07/03/2014 17:17:03;20140307171703;07/03/2014 16:52:52;20140307165252
25004903965600001;250;04;211;AVIGNON-N;250;04;220;LANCON;17/03/2014 19:41:28;20140317194128;17/03/2014 19:16:50;20140317191650
25004903965600001;250;04;211;AVIGNON-N;250;04;220;LANCON;21/03/2014 19:04:10;20140321190410;21/03/2014 18:39:04;20140321183904
25004903965600001;250;04;211;AVIGNON-N;250;04;220;LANCON;28/03/2014 18:11:40;20140328181140;28/03/2014 17:46:58;20140328174658
25004903965600001;250;04;211;AVIGNON-N;250;04;220;LANCON;04/04/2014 20:29:41;20140404202941;04/04/2014 20:05:40;20140404200540
25004903965600001;250;04;211;AVIGNON-N;250;04;220;LANCON;09/04/2014 18:01:25;20140409180125;09/04/2014 17:36:40;20140409173640
25004903965600001;250;04;211;AVIGNON-N;250;04;220;LANCON;16/04/2014 17:33:57;20140416173357;16/04/2014 17:09:00;20140416170900
25004903965600001;250;04;211;AVIGNON-N;250;04;220;LANCON;18/04/2014 20:02:04;20140418200204;18/04/2014 19:36:22;20140418193622
25004903965600001;250;04;211;AVIGNON-N;250;04;220;LANCON;24/04/2014 19:04:15;20140424190415;24/04/2014 18:38:06;20140424183806
25004903965600001;250;04;211;AVIGNON-N;250;04;220;LANCON;30/04/2014 18:43:07;20140430184307;30/04/2014 18:18:18;20140430181818
25006980530210003;250;04;211;AVIGNON-N;250;04;220;LANCON;07/04/2014 14:06:21;20140407140621;07/04/2014 13:40:22;20140407134022
25006982729610002;250;04;211;AVIGNON-N;250;04;220;LANCON;02/04/2014 15:18:11;20140402151811;02/04/2014 14:53:28;20140402145328
25006982729610002;250;04;211;AVIGNON-N;250;04;220;LANCON;26/04/2014 19:11:13;20140426191113;26/04/2014 18:46:38;20140426184638
25004903965600001;250;04;211;AVIGNON-N;250;04;220;LANCON;07/05/2014 19:48:27;20140507194827;07/05/2014 19:23:18;20140507192318
25004903965600001;250;04;211;AVIGNON-N;250;04;220;LANCON;12/05/2014 18:26:32;20140512182632;12/05/2014 18:02:02;20140512180202
25004903965600001;250;04;211;AVIGNON-N;250;04;220;LANCON;15/05/2014 17:28:33;20140515172833;15/05/2014 17:05:24;20140515170524
25004903965600001;250;04;211;AVIGNON-N;250;04;220;LANCON;23/05/2014 20:15:35;20140523201535;23/05/2014 19:49:34;20140523194934
25004903965600001;250;04;211;AVIGNON-N;250;04;220;LANCON;27/05/2014 18:58:11;20140527185811;27/05/2014 18:34:50;20140527183450
25006980530210003;250;04;211;AVIGNON-N;250;04;220;LANCON;07/05/2014 18:09:05;20140507180905;07/05/2014 17:44:52;20140507174452
25004903965600001;250;04;211;AVIGNON-N;250;04;220;LANCON;04/06/2014 17:33:13;20140604173313;04/06/2014 17:09:16;20140604170916
25004903965600001;250;04;211;AVIGNON-N;250;04;220;LANCON;06/06/2014 19:48:01;20140606194801;06/06/2014 19:23:44;20140606192344
25004903965600001;250;04;211;AVIGNON-N;250;04;220;LANCON;11/06/2014 17:44:57;20140611174457;11/06/2014 17:20:12;20140611172012
25004903965600001;250;04;211;AVIGNON-N;250;04;220;LANCON;13/06/2014 20:05:57;20140613200557;13/06/2014 19:42:50;20140613194250
25004903965600001;250;04;211;AVIGNON-N;250;04;220;LANCON;18/06/2014 20:41:27;20140618204127;18/06/2014 20:16:16;20140618201616
25004903965600001;250;04;211;AVIGNON-N;250;04;220;LANCON;27/06/2014 18:26:59;20140627182659;27/06/2014 18:01:18;20140627180118
25006980530210003;250;04;211;AVIGNON-N;250;04;220;LANCON;30/06/2014 18:16:28;20140630181628;30/06/2014 17:53:28;20140630175328
25006981720810003;250;04;211;AVIGNON-N;250;04;220;LANCON;04/06/2014 16:48:38;20140604164838;04/06/2014 16:24:36;20140604162436
25004903965600001;250;04;211;AVIGNON-N;250;04;220;LANCON;02/07/2014 19:12:47;20140702191247;02/07/2014 18:48:36;20140702184836
25004903965600001;250;04;211;AVIGNON-N;250;04;220;LANCON;04/07/2014 16:14:06;20140704161406;04/07/2014 15:48:08;20140704154808
25004903965600001;250;04;211;AVIGNON-N;250;04;220;LANCON;09/07/2014 19:33:26;20140709193326;09/07/2014 19:09:14;20140709190914
25004903965600001;250;04;211;AVIGNON-N;250;04;220;LANCON;11/07/2014 20:00:51;20140711200051;11/07/2014 19:35:44;20140711193544
25004903965600001;250;04;211;AVIGNON-N;250;04;220;LANCON;17/07/2014 19:14:50;20140717191450;17/07/2014 18:48:42;20140717184842
25004903965600001;250;04;211;AVIGNON-N;250;04;220;LANCON;23/07/2014 19:24:53;20140723192453;23/07/2014 19:00:20;20140723190020
25004903965600001;250;04;211;AVIGNON-N;250;04;220;LANCON;25/07/2014 19:04:19;20140725190419;25/07/2014 18:37:12;20140725183712
25006980017610002;250;04;211;AVIGNON-N;250;04;220;LANCON;15/07/2014 15:53:38;20140715155338;15/07/2014 15:29:04;20140715152904
25006980324810003;250;04;211;AVIGNON-N;250;04;220;LANCON;03/07/2014 12:25:32;20140703122532;03/07/2014 12:00:44;20140703120044
25004903965600001;250;04;211;AVIGNON-N;250;04;220;LANCON;20/08/2014 19:15:57;20140820191557;20/08/2014 18:50:04;20140820185004
25004903965600001;250;04;211;AVIGNON-N;250;04;220;LANCON;27/08/2014 20:11:33;20140827201133;27/08/2014 19:47:24;20140827194724
25006982729610002;250;04;211;AVIGNON-N;250;04;220;LANCON;17/08/2014 16:54:31;20140817165431;17/08/2014 16:19:46;20140817161946
25004903965600001;250;04;211;AVIGNON-N;250;04;220;LANCON;03/09/2014 19:22:48;20140903192248;03/09/2014 18:58:16;20140903185816
25004903965600001;250;04;211;AVIGNON-N;250;04;220;LANCON;05/09/2014 19:10:31;20140905191031;05/09/2014 18:45:02;20140905184502
25004903965600001;250;04;211;AVIGNON-N;250;04;220;LANCON;10/09/2014 18:32:40;20140910183240;10/09/2014 18:07:22;20140910180722
25004903965600001;250;04;211;AVIGNON-N;250;04;220;LANCON;17/09/2014 17:48:43;20140917174843;17/09/2014 17:23:18;20140917172318
25004903965600001;250;04;211;AVIGNON-N;250;04;220;LANCON;24/09/2014 17:12:26;20140924171226;24/09/2014 16:48:44;20140924164844
25004903965600001;250;04;211;AVIGNON-N;250;04;220;LANCON;26/09/2014 19:04:01;20140926190401;26/09/2014 18:38:10;20140926183810
25006980017610002;250;04;211;AVIGNON-N;250;04;220;LANCON;12/09/2014 14:38:29;20140912143829;12/09/2014 14:10:32;20140912141032
25006980530210003;250;04;211;AVIGNON-N;250;04;220;LANCON;05/09/2014 15:30:08;20140905153008;05/09/2014 15:05:06;20140905150506
25006980530210003;250;04;211;AVIGNON-N;250;04;220;LANCON;09/09/2014 17:24:03;20140909172403;09/09/2014 16:59:42;20140909165942
25006980530210003;250;04;211;AVIGNON-N;250;04;220;LANCON;11/09/2014 18:03:37;20140911180337;11/09/2014 17:38:34;20140911173834
25006981720810003;250;04;211;AVIGNON-N;250;04;220;LANCON;06/09/2014 22:47:31;20140906224731;06/09/2014 22:24:46;20140906222446
25006981720810003;250;04;211;AVIGNON-N;250;04;220;LANCON;15/09/2014 18:06:15;20140915180615;15/09/2014 17:41:28;20140915174128
25004903965600001;250;04;211;AVIGNON-N;250;04;220;LANCON;03/10/2014 18:56:43;20141003185643;03/10/2014 18:32:28;20141003183228
25004903965600001;250;04;211;AVIGNON-N;250;04;220;LANCON;10/10/2014 19:19:37;20141010191937;10/10/2014 18:54:30;20141010185430
25004903965600001;250;04;211;AVIGNON-N;250;04;220;LANCON;15/10/2014 20:03:06;20141015200306;15/10/2014 19:36:14;20141015193614
25004903965600001;250;04;211;AVIGNON-N;250;04;220;LANCON;17/10/2014 19:35:32;20141017193532;17/10/2014 19:10:06;20141017191006
25004903965600001;250;04;211;AVIGNON-N;250;04;220;LANCON;24/10/2014 18:37:00;20141024183700;24/10/2014 18:11:48;20141024181148
25004903965600001;250;04;211;AVIGNON-N;250;04;220;LANCON;29/10/2014 18:47:10;20141029184710;29/10/2014 18:21:50;20141029182150
25004903965600001;250;04;211;AVIGNON-N;250;04;220;LANCON;31/10/2014 18:48:06;20141031184806;31/10/2014 18:22:50;20141031182250
25006980017610002;250;04;211;AVIGNON-N;250;04;220;LANCON;07/10/2014 15:51:00;20141007155100;07/10/2014 15:25:40;20141007152540
25006980530210003;250;04;211;AVIGNON-N;250;04;220;LANCON;05/10/2014 12:57:58;20141005125758;05/10/2014 12:34:44;20141005123444
25006981720810003;250;04;211;AVIGNON-N;250;04;220;LANCON;22/10/2014 23:02:32;20141022230232;22/10/2014 22:40:32;20141022224032
25006982894800001;250;04;211;AVIGNON-N;250;04;220;LANCON;31/10/2014 11:46:29;20141031114629;31/10/2014 11:22:44;20141031112244
25004903965600001;250;04;211;AVIGNON-N;250;04;220;LANCON;06/11/2014 17:20:26;20141106172026;06/11/2014 16:55:20;20141106165520
25004903965600001;250;04;211;AVIGNON-N;250;04;220;LANCON;07/11/2014 17:03:48;20141107170348;07/11/2014 16:39:02;20141107163902
25004903965600001;250;04;211;AVIGNON-N;250;04;220;LANCON;14/11/2014 19:44:46;20141114194446;14/11/2014 19:18:22;20141114191822
25004903965600001;250;04;211;AVIGNON-N;250;04;220;LANCON;20/11/2014 17:25:58;20141120172558;20/11/2014 17:02:02;20141120170202
25004903965600001;250;04;211;AVIGNON-N;250;04;220;LANCON;27/11/2014 17:10:30;20141127171030;27/11/2014 16:43:32;20141127164332
25004903965600001;250;04;211;AVIGNON-N;250;04;220;LANCON;28/11/2014 19:20:58;20141128192058;28/11/2014 18:54:46;20141128185446
25004903965600001;250;04;211;AVIGNON-N;250;04;220;LANCON;04/12/2014 19:36:34;20141204193634;04/12/2014 19:13:14;20141204191314
25004903965600001;250;04;211;AVIGNON-N;250;04;220;LANCON;10/12/2014 17:19:13;20141210171913;10/12/2014 16:56:16;20141210165616
25004903965600001;250;04;211;AVIGNON-N;250;04;220;LANCON;12/12/2014 18:50:48;20141212185048;12/12/2014 18:26:22;20141212182622
25004903965600001;250;04;211;AVIGNON-N;250;04;220;LANCON;17/12/2014 17:33:44;20141217173344;17/12/2014 17:09:06;20141217170906
25004903965600001;250;04;211;AVIGNON-N;250;04;220;LANCON;19/12/2014 17:20:38;20141219172038;19/12/2014 16:56:36;20141219165636
25004903965600001;250;04;211;AVIGNON-N;250;04;220;LANCON;31/12/2014 17:28:09;20141231172809;31/12/2014 17:04:00;20141231170400
25006980017610002;250;04;211;AVIGNON-N;250;04;220;LANCON;15/12/2014 18:44:01;20141215184401;15/12/2014 18:18:56;20141215181856
25006980530210003;250;04;211;AVIGNON-N;250;04;220;LANCON;05/12/2014 12:48:37;20141205124837;05/12/2014 12:24:34;20141205122434
25004903965600001;250;04;211;AVIGNON-N;250;04;220;LANCON;08/01/2015 18:43:46;20150108184346;08/01/2015 18:18:50;20150108181850
25004903965600001;250;04;211;AVIGNON-N;250;04;220;LANCON;09/01/2015 19:44:56;20150109194456;09/01/2015 19:19:26;20150109191926
25004903965600001;250;04;211;AVIGNON-N;250;04;220;LANCON;14/01/2015 18:36:40;20150114183640;14/01/2015 18:10:08;20150114181008
25004903965600001;250;04;211;AVIGNON-N;250;04;220;LANCON;23/01/2015 17:57:02;20150123175702;23/01/2015 17:32:18;20150123173218
25004903965600001;250;04;211;AVIGNON-N;250;04;220;LANCON;26/01/2015 19:16:41;20150126191641;26/01/2015 18:52:06;20150126185206
25004903965600001;250;04;211;AVIGNON-N;250;04;220;LANCON;29/01/2015 17:02:03;20150129170203;29/01/2015 16:38:26;20150129163826
25004903965600001;250;04;211;AVIGNON-N;250;04;220;LANCON;30/01/2015 18:51:24;20150130185124;30/01/2015 18:25:38;20150130182538
25006980017610002;250;04;211;AVIGNON-N;250;04;220;LANCON;29/01/2015 16:17:50;20150129161750;29/01/2015 15:52:38;20150129155238
25006980530210003;250;04;211;AVIGNON-N;250;04;220;LANCON;28/01/2015 16:33:39;20150128163339;28/01/2015 16:09:16;20150128160916
25006980530210003;250;04;211;AVIGNON-N;250;04;220;LANCON;30/01/2015 17:41:33;20150130174133;30/01/2015 17:15:54;20150130171554
25006982895200001;250;04;211;AVIGNON-N;250;04;220;LANCON;16/01/2015 00:33:21;20150116003321;16/01/2015 00:08:32;20150116000832
25004903965600001;250;04;211;AVIGNON-N;250;04;220;LANCON;04/02/2015 16:57:59;20150204165759;04/02/2015 16:33:44;20150204163344
25004903965600001;250;04;211;AVIGNON-N;250;04;220;LANCON;05/02/2015 19:21:24;20150205192124;05/02/2015 18:54:50;20150205185450
25004903965600001;250;04;211;AVIGNON-N;250;04;220;LANCON;11/02/2015 16:52:29;20150211165229;11/02/2015 16:26:08;20150211162608
25004903965600001;250;04;211;AVIGNON-N;250;04;220;LANCON;26/02/2015 19:28:53;20150226192853;26/02/2015 19:04:44;20150226190444
25006982894800001;250;04;211;AVIGNON-N;250;04;220;LANCON;04/02/2015 18:45:01;20150204184501;04/02/2015 18:21:10;20150204182110
25004903965600001;250;04;211;AVIGNON-N;250;04;220;LANCON;03/03/2015 19:05:47;20150303190547;03/03/2015 18:41:36;20150303184136
25004903965600001;250;04;211;AVIGNON-N;250;04;220;LANCON;05/03/2015 16:29:17;20150305162917;05/03/2015 16:05:54;20150305160554
25004903965600001;250;04;211;AVIGNON-N;250;04;220;LANCON;06/03/2015 19:26:49;20150306192649;06/03/2015 19:02:32;20150306190232
25004903965600001;250;04;211;AVIGNON-N;250;04;220;LANCON;11/03/2015 17:16:52;20150311171652;11/03/2015 16:53:36;20150311165336
25004903965600001;250;04;211;AVIGNON-N;250;04;220;LANCON;13/03/2015 15:26:45;20150313152645;13/03/2015 15:02:00;20150313150200
25004903965600001;250;04;211;AVIGNON-N;250;04;220;LANCON;19/03/2015 16:54:59;20150319165459;19/03/2015 16:29:56;20150319162956
25004903965600001;250;04;211;AVIGNON-N;250;04;220;LANCON;20/03/2015 19:43:41;20150320194341;20/03/2015 19:19:00;20150320191900
25004903965600001;250;04;211;AVIGNON-N;250;04;220;LANCON;26/03/2015 16:59:39;20150326165939;26/03/2015 16:34:50;20150326163450
25004903965600001;250;04;211;AVIGNON-N;250;04;220;LANCON;27/03/2015 19:39:13;20150327193913;27/03/2015 19:13:42;20150327191342
25006980530210003;250;04;211;AVIGNON-N;250;04;220;LANCON;31/03/2015 19:30:27;20150331193027;31/03/2015 19:07:40;20150331190740
25006981720810003;250;04;211;AVIGNON-N;250;04;220;LANCON;28/03/2015 23:09:12;20150328230912;28/03/2015 22:47:14;20150328224714
25006982894800001;250;04;211;AVIGNON-N;250;04;220;LANCON;13/03/2015 15:58:40;20150313155840;13/03/2015 15:34:00;20150313153400
25004903965600001;250;04;211;AVIGNON-N;250;04;220;LANCON;03/04/2015 17:09:37;20150403170937;03/04/2015 16:44:28;20150403164428
25004903965600001;250;04;211;AVIGNON-N;250;04;220;LANCON;09/04/2015 16:52:36;20150409165236;09/04/2015 16:27:30;20150409162730
25004903965600001;250;04;211;AVIGNON-N;250;04;220;LANCON;23/04/2015 16:42:28;20150423164228;23/04/2015 16:17:32;20150423161732
25004903965600001;250;04;211;AVIGNON-N;250;04;220;LANCON;24/04/2015 17:03:36;20150424170336;24/04/2015 16:37:52;20150424163752
25004903965600001;250;04;211;AVIGNON-N;250;04;220;LANCON;30/04/2015 19:35:59;20150430193559;30/04/2015 19:10:42;20150430191042
25006980017610002;250;04;211;AVIGNON-N;250;04;220;LANCON;23/04/2015 19:09:33;20150423190933;23/04/2015 18:45:08;20150423184508
25006980530210003;250;04;211;AVIGNON-N;250;04;220;LANCON;08/04/2015 17:03:38;20150408170338;08/04/2015 16:38:02;20150408163802
25006982894800001;250;04;211;AVIGNON-N;250;04;220;LANCON;08/04/2015 18:36:15;20150408183615;08/04/2015 18:12:12;20150408181212
25006982894800001;250;04;211;AVIGNON-N;250;04;220;LANCON;27/04/2015 19:07:36;20150427190736;27/04/2015 18:43:20;20150427184320
25006982895200001;250;04;211;AVIGNON-N;250;04;220;LANCON;20/04/2015 23:35:22;20150420233522;20/04/2015 23:10:42;20150420231042
25004903965600001;250;04;211;AVIGNON-N;250;04;220;LANCON;19/05/2015 17:21:26;20150519172126;19/05/2015 16:57:24;20150519165724
25006980530210003;250;04;211;AVIGNON-N;250;04;220;LANCON;11/05/2015 15:41:04;20150511154104;11/05/2015 15:14:28;20150511151428
25004903965600001;250;04;211;AVIGNON-N;250;04;220;LANCON;02/06/2015 19:42:34;20150602194234;02/06/2015 19:17:04;20150602191704
25004903965600001;250;04;211;AVIGNON-N;250;04;220;LANCON;05/06/2015 18:33:27;20150605183327;05/06/2015 18:08:06;20150605180806
25004903965600001;250;04;211;AVIGNON-N;250;04;220;LANCON;11/06/2015 17:06:09;20150611170609;11/06/2015 16:41:48;20150611164148
25004903965600001;250;04;211;AVIGNON-N;250;04;220;LANCON;19/06/2015 17:00:01;20150619170001;19/06/2015 16:36:16;20150619163616
25004903965600001;250;04;211;AVIGNON-N;250;04;220;LANCON;25/06/2015 19:55:52;20150625195552;25/06/2015 19:32:16;20150625193216
25004903965600001;250;04;211;AVIGNON-N;250;04;220;LANCON;26/06/2015 15:53:39;20150626155339;26/06/2015 15:28:48;20150626152848
25006982894800001;250;04;211;AVIGNON-N;250;04;220;LANCON;18/06/2015 00:02:10;20150618000210;17/06/2015 23:38:30;20150617233830
25004903965600001;250;04;211;AVIGNON-N;250;04;220;LANCON;01/07/2015 13:48:52;20150701134852;01/07/2015 13:24:08;20150701132408
25004903965600001;250;04;211;AVIGNON-N;250;04;220;LANCON;03/07/2015 19:01:32;20150703190132;03/07/2015 18:35:50;20150703183550
25004903965600001;250;04;211;AVIGNON-N;250;04;220;LANCON;09/07/2015 19:01:15;20150709190115;09/07/2015 18:36:14;20150709183614
25006982729610002;250;04;211;AVIGNON-N;250;04;220;LANCON;13/07/2015 10:59:57;20150713105957;13/07/2015 10:35:10;20150713103510
25006982804710002;250;04;211;AVIGNON-N;250;04;220;LANCON;01/07/2015 07:17:14;20150701071714;01/07/2015 06:53:52;20150701065352
25006982804710002;250;04;211;AVIGNON-N;250;04;220;LANCON;02/07/2015 07:33:34;20150702073334;02/07/2015 07:10:34;20150702071034
25006982804710002;250;04;211;AVIGNON-N;250;04;220;LANCON;03/07/2015 06:16:25;20150703061625;03/07/2015 05:54:44;20150703055444
25006982804710002;250;04;211;AVIGNON-N;250;04;220;LANCON;04/07/2015 07:43:54;20150704074354;04/07/2015 07:19:34;20150704071934
25006982804710002;250;04;211;AVIGNON-N;250;04;220;LANCON;05/07/2015 04:32:14;20150705043214;05/07/2015 04:08:16;20150705040816
25006982804710002;250;04;211;AVIGNON-N;250;04;220;LANCON;06/07/2015 07:12:32;20150706071232;06/07/2015 06:48:20;20150706064820
25006982804710002;250;04;211;AVIGNON-N;250;04;220;LANCON;09/07/2015 05:33:48;20150709053348;09/07/2015 05:12:06;20150709051206
25004903965600001;250;04;212;AVIGNON-S;250;04;220;LANCON;08/01/2014 20:17:32;20140108201732;08/01/2014 19:57:00;20140108195700
25004903965600001;250;04;212;AVIGNON-S;250;04;220;LANCON;30/01/2014 20:34:35;20140130203435;30/01/2014 20:14:30;20140130201430
25004903965600001;250;04;212;AVIGNON-S;250;04;220;LANCON;11/02/2014 19:20:17;20140211192017;11/02/2014 18:59:10;20140211185910
25004903965600001;250;04;212;AVIGNON-S;250;04;220;LANCON;25/02/2014 19:14:23;20140225191423;25/02/2014 18:53:56;20140225185356
25006980530210003;250;04;212;AVIGNON-S;250;04;220;LANCON;15/03/2014 13:57:23;20140315135723;15/03/2014 13:37:32;20140315133732
25006980530210003;250;04;212;AVIGNON-S;250;04;220;LANCON;22/03/2014 13:31:36;20140322133136;22/03/2014 13:13:08;20140322131308
25004903965600001;250;04;212;AVIGNON-S;250;04;220;LANCON;03/04/2014 16:32:36;20140403163236;03/04/2014 16:12:14;20140403161214
25006980530210003;250;04;212;AVIGNON-S;250;04;220;LANCON;06/09/2014 13:25:09;20140906132509;06/09/2014 13:05:06;20140906130506
25004903965600001;250;04;212;AVIGNON-S;250;04;220;LANCON;01/10/2014 20:37:05;20141001203705;01/10/2014 20:17:14;20141001201714
25004903965600001;250;04;212;AVIGNON-S;250;04;220;LANCON;08/10/2014 18:15:42;20141008181542;08/10/2014 17:54:48;20141008175448
25004903965600001;250;04;212;AVIGNON-S;250;04;220;LANCON;23/10/2014 18:55:58;20141023185558;23/10/2014 18:35:40;20141023183540
25004903965600001;250;04;212;AVIGNON-S;250;04;220;LANCON;19/02/2015 17:39:13;20150219173913;19/02/2015 17:16:58;20150219171658
25006980530210003;250;04;212;AVIGNON-S;250;04;220;LANCON;21/03/2015 12:08:52;20150321120852;21/03/2015 11:49:14;20150321114914
25004903965600001;250;04;212;AVIGNON-S;250;04;220;LANCON;17/04/2015 20:21:16;20150417202116;17/04/2015 20:00:54;20150417200054
25006982729610002;250;04;212;AVIGNON-S;250;04;220;LANCON;26/04/2015 19:57:57;20150426195757;26/04/2015 19:36:40;20150426193640
25004903965600001;250;04;212;AVIGNON-S;250;04;220;LANCON;13/05/2015 19:18:23;20150513191823;13/05/2015 18:58:40;20150513185840
25004903965600001;250;04;212;AVIGNON-S;250;04;220;LANCON;28/05/2015 18:28:53;20150528182853;28/05/2015 18:08:22;20150528180822
25004903965600001;250;04;212;AVIGNON-S;250;04;220;LANCON;16/06/2015 08:16:50;20150616081650;16/06/2015 07:55:22;20150616075522
25006980017610002;250;04;210;ORANGE;250;04;220;LANCON;17/01/2014 15:42:11;20140117154211;17/01/2014 15:07:06;20140117150706
25006980530210003;250;04;210;ORANGE;250;04;220;LANCON;25/03/2014 15:29:13;20140325152913;25/03/2014 14:54:00;20140325145400
25006980017610002;250;04;210;ORANGE;250;04;220;LANCON;15/04/2014 17:39:02;20140415173902;15/04/2014 17:04:38;20140415170438
25006981720810003;250;04;210;ORANGE;250;04;220;LANCON;15/04/2014 17:39:02;20140415173902;15/04/2014 17:04:42;20140415170442
25006981720810003;250;04;210;ORANGE;250;04;220;LANCON;09/07/2014 17:29:10;20140709172910;09/07/2014 16:54:30;20140709165430
25006980530210003;250;04;210;ORANGE;250;04;220;LANCON;12/09/2014 16:49:38;20140912164938;12/09/2014 16:13:54;20140912161354
25006980530210003;250;04;210;ORANGE;250;04;220;LANCON;08/12/2014 14:20:10;20141208142010;08/12/2014 13:46:02;20141208134602
25006982729610002;250;04;213;CAVAILLON;250;04;220;LANCON;04/05/2014 11:18:29;20140504111829;04/05/2014 11:04:28;20140504110428
25006980530210003;250;04;213;CAVAILLON;250;04;220;LANCON;30/10/2014 17:16:35;20141030171635;30/10/2014 17:02:16;20141030170216
25006980530210003;250;04;213;CAVAILLON;250;04;220;LANCON;13/12/2014 16:55:26;20141213165526;13/12/2014 16:42:48;20141213164248
25006982895200001;250;04;213;CAVAILLON;250;04;220;LANCON;12/04/2015 17:23:10;20150412172310;12/04/2015 17:08:52;20150412170852
25006980324810003;250;04;201;VIENNE;250;04;220;LANCON;22/04/2014 14:33:59;20140422143359;22/04/2014 12:11:32;20140422121132
25006980530210003;250;04;201;VIENNE;250;04;220;LANCON;04/05/2014 16:11:10;20140504161110;04/05/2014 14:25:24;20140504142524
25006980530210003;250;04;201;VIENNE;250;04;220;LANCON;14/06/2014 17:33:18;20140614173318;14/06/2014 15:05:34;20140614150534
25006982729610002;250;04;201;VIENNE;250;04;220;LANCON;28/07/2014 16:17:18;20140728161718;28/07/2014 14:05:26;20140728140526
25006980530210003;250;04;201;VIENNE;250;04;220;LANCON;10/08/2014 17:56:57;20140810175657;10/08/2014 15:18:42;20140810151842
25006981720810003;250;04;201;VIENNE;250;04;220;LANCON;01/10/2014 01:42:00;20141001014200;30/09/2014 23:56:58;20140930235658
25006980324810003;250;04;201;VIENNE;250;04;220;LANCON;02/11/2014 13:24:53;20141102132453;02/11/2014 10:48:52;20141102104852
25006980530210003;250;04;201;VIENNE;250;04;220;LANCON;09/11/2014 15:08:31;20141109150831;09/11/2014 13:05:10;20141109130510
25006981720810003;250;04;201;VIENNE;250;04;220;LANCON;20/12/2014 18:59:39;20141220185939;20/12/2014 17:16:28;20141220171628
25004903965600001;250;04;201;VIENNE;250;04;220;LANCON;16/01/2015 23:49:57;20150116234957;16/01/2015 21:58:18;20150116215818
25006980530210003;250;04;201;VIENNE;250;04;220;LANCON;20/01/2015 18:10:32;20150120181032;20/01/2015 16:21:54;20150120162154
25006982895200001;250;04;201;VIENNE;250;04;220;LANCON;22/02/2015 20:38:37;20150222203837;22/02/2015 18:46:02;20150222184602
25006980530210003;250;04;201;VIENNE;250;04;220;LANCON;19/03/2015 19:20:07;20150319192007;19/03/2015 17:25:18;20150319172518
25006982895200001;250;04;201;VIENNE;250;04;220;LANCON;27/04/2015 09:00:21;20150427090021;27/04/2015 07:04:10;20150427070410
25004903965600001;250;04;201;VIENNE;250;04;220;LANCON;06/05/2015 17:55:16;20150506175516;06/05/2015 15:42:20;20150506154220
25006980324810003;250;04;201;VIENNE;250;04;220;LANCON;10/05/2015 15:05:54;20150510150554;10/05/2015 13:15:52;20150510131552
25006980530210003;250;04;201;VIENNE;250;04;220;LANCON;13/05/2015 19:38:59;20150513193859;13/05/2015 17:16:02;20150513171602
25006982895200001;250;04;201;VIENNE;250;04;220;LANCON;03/05/2015 19:50:44;20150503195044;03/05/2015 17:44:58;20150503174458
25006981720810003;250;04;205;VALENCE-S;250;04;220;LANCON;21/09/2014 16:54:37;20140921165437;21/09/2014 15:36:08;20140921153608
25006982895200001;250;04;205;VALENCE-S;250;04;220;LANCON;29/03/2015 20:16:15;20150329201615;29/03/2015 18:57:58;20150329185758
25004903965600001;250;04;205;VALENCE-S;250;04;220;LANCON;05/04/2015 12:15:08;20150405121508;05/04/2015 10:57:58;20150405105758
25006981720810003;250;04;205;VALENCE-S;250;04;220;LANCON;30/05/2015 13:14:06;20150530131406;30/05/2015 11:56:36;20150530115636
25006982729610002;250;05;968;RESTIGNE;250;04;784;CORZE;18/07/2015 13:59:14;20150718135914;18/07/2015 13:28:32;20150718132832
25006982729610002;250;04;220;LANCON;250;04;214;SENAS;18/04/2014 20:56:08;20140418205608;18/04/2014 20:45:40;20140418204540
25006982729610002;250;04;220;LANCON;250;04;214;SENAS;01/07/2014 11:49:09;20140701114909;01/07/2014 11:38:52;20140701113852
25006982729610002;250;04;220;LANCON;250;04;214;SENAS;09/07/2014 14:07:14;20140709140714;09/07/2014 13:57:32;20140709135732
25004903965600001;250;04;211;AVIGNON-N;250;04;214;SENAS;24/03/2014 20:11:25;20140324201125;24/03/2014 19:53:24;20140324195324
25006981720810003;250;04;204;VALENCE-N;250;04;214;SENAS;31/07/2014 18:53:02;20140731185302;31/07/2014 17:38:58;20140731173858
25006980530210003;250;04;201;VIENNE;250;04;214;SENAS;22/05/2014 14:51:17;20140522145117;22/05/2014 13:10:20;20140522131020
25006982895200001;250;04;907;BENESSE;250;04;987;ST GEOURS DE MAREMNE;17/05/2015 16:29:45;20150517162945;;
25004903965600001;250;04;906;CAPBRETON;250;04;986;BAYONNE-ST GEOURS M.;29/07/2014 09:52:12;20140729095212;;
25004903965600001;250;04;906;CAPBRETON;250;04;986;BAYONNE-ST GEOURS M.;30/07/2014 10:21:35;20140730102135;;
25006982895200001;250;04;537;SAINTES;250;04;541;VIRSAC;13/05/2015 21:07:23;20150513210723;13/05/2015 20:26:58;20150513202658
25006982895200001;250;04;544;CABARIOT;250;04;541;VIRSAC;05/04/2015 17:24:55;20150405172455;05/04/2015 16:33:06;20150405163306
25006981720810003;250;04;342;PERPIGNAN-NORD;250;04;345;LE PERTHUS;10/07/2015 11:57:39;20150710115739;10/07/2015 11:41:52;20150710114152
25004903965600001;250;04;904;LA NEGRESSE;250;04;984;BAYONNE;29/07/2014 15:32:11;20140729153211;;
25004903965600001;250;04;904;LA NEGRESSE;250;04;984;BAYONNE;30/07/2014 16:52:38;20140730165238;;
25006982895200001;250;04;904;LA NEGRESSE;250;04;984;BAYONNE;17/05/2015 16:15:53;20150517161553;;
25004903965600001;250;04;901;BIRIATOU;250;04;981;ST JEAN DE LUZ;30/07/2014 16:40:28;20140730164028;;
25006982895200001;250;04;901;BIRIATOU;250;04;981;ST JEAN DE LUZ;17/05/2015 15:58:01;20150517155801;;
25006980017610002;250;04;638;TARBES EST;250;04;642;CAPVERN;20/07/2014 14:10:01;20140720141001;20/07/2014 13:56:16;20140720135616
25004903965600001;250;04;624;PEYREHORADE;250;04;650;LESTELLE;31/07/2014 12:14:44;20140731121444;31/07/2014 10:31:58;20140731103158
25006980017610002;250;04;638;TARBES EST;250;04;650;LESTELLE;21/07/2014 10:42:42;20140721104242;21/07/2014 10:05:48;20140721100548
25004903965600001;250;04;492;A68/A680;250;04;472;TOULOUSE EST;28/07/2014 10:04:12;20140728100412;;
25006980017610002;250;04;476;MURET;250;04;496;TOULOUSE OUEST;21/07/2014 11:12:36;20140721111236;;
25006982729610002;250;04;562;BEAULIEU SUR LAYON;250;04;568;LA ROCHE SUR YON;18/07/2015 15:25:16;20150718152516;18/07/2015 14:36:24;20150718143624
25004903965600001;250;04;331;MONTPELLIER 2;250;04;351;VILLEFRANCHE;30/06/2015 10:16:09;20150630101609;30/06/2015 08:24:40;20150630082440
25006980017610002;250;04;331;MONTPELLIER 2;250;04;354;TOULOUSE-SUD/OUEST;17/07/2014 15:07:02;20140717150702;17/07/2014 12:07:34;20140717120734
25006980530210003;250;04;331;MONTPELLIER 2;250;04;354;TOULOUSE-SUD/OUEST;13/09/2014 14:11:09;20140913141109;13/09/2014 11:13:20;20140913111320
25004903965600001;250;04;331;MONTPELLIER 2;250;04;354;TOULOUSE-SUD/OUEST;06/02/2015 18:26:04;20150206182604;06/02/2015 16:36:46;20150206163646
25004903965600001;250;04;347;CARCASSONNE-E;250;04;355;TOULOUSE-SUD/EST;18/11/2014 09:02:58;20141118090258;18/11/2014 08:00:08;20141118080008
25006982895200001;250;04;348;CARCASSONNE-O;250;04;355;TOULOUSE-SUD/EST;07/05/2015 17:44:58;20150507174458;07/05/2015 17:09:52;20150507170952
25004903965600001;250;04;340;SIGEAN;250;04;355;TOULOUSE-SUD/EST;11/03/2014 09:49:52;20140311094952;11/03/2014 08:38:14;20140311083814
25006980530210003;250;04;331;MONTPELLIER 2;250;04;355;TOULOUSE-SUD/EST;13/06/2014 18:47:09;20140613184709;13/06/2014 16:47:28;20140613164728
25004903965600001;250;04;331;MONTPELLIER 2;250;04;355;TOULOUSE-SUD/EST;27/07/2014 16:04:12;20140727160412;27/07/2014 13:32:54;20140727133254
25006982895200001;250;04;331;MONTPELLIER 2;250;04;355;TOULOUSE-SUD/EST;23/01/2015 15:02:40;20150123150240;23/01/2015 13:04:22;20150123130422
25006982895200001;250;04;331;MONTPELLIER 2;250;04;355;TOULOUSE-SUD/EST;27/02/2015 20:10:03;20150227201003;27/02/2015 18:26:14;20150227182614
25006982895200001;250;04;331;MONTPELLIER 2;250;04;355;TOULOUSE-SUD/EST;03/04/2015 23:59:14;20150403235914;03/04/2015 22:13:16;20150403221316
25006982895200001;250;04;331;MONTPELLIER 2;250;04;355;TOULOUSE-SUD/EST;13/05/2015 16:08:31;20150513160831;13/05/2015 14:16:20;20150513141620
25006982895200001;250;04;331;MONTPELLIER 2;250;04;355;TOULOUSE-SUD/EST;09/07/2015 21:54:52;20150709215452;09/07/2015 19:52:16;20150709195216
25006982895200001;250;04;170;LES MARTRES ARTIERE;250;04;182;ST ROMAIN POPEY;15/07/2015 09:59:13;20150715095913;15/07/2015 09:01:14;20150715090114
25004903965600001;250;04;220;LANCON;250;04;219;SALON SUD;13/07/2014 09:07:23;20140713090723;13/07/2014 09:02:58;20140713090258
25004903965600001;250;04;220;LANCON;250;04;265;SAINT MARTIN DE CRAU;27/01/2014 08:54:58;20140127085458;27/01/2014 08:40:04;20140127084004
25006982729610002;250;04;220;LANCON;250;04;265;SAINT MARTIN DE CRAU;28/01/2014 11:19:57;20140128111957;28/01/2014 11:05:26;20140128110526
25006980530210003;250;04;220;LANCON;250;04;265;SAINT MARTIN DE CRAU;19/04/2014 10:59:11;20140419105911;19/04/2014 10:39:44;20140419103944
25006980324810003;250;04;220;LANCON;250;04;265;SAINT MARTIN DE CRAU;20/06/2014 19:45:07;20140620194507;20/06/2014 19:30:54;20140620193054
25006980530210003;250;04;220;LANCON;250;04;265;SAINT MARTIN DE CRAU;13/06/2014 15:42:12;20140613154212;13/06/2014 15:27:56;20140613152756
25006982729610002;250;04;220;LANCON;250;04;265;SAINT MARTIN DE CRAU;16/06/2014 10:07:36;20140616100736;16/06/2014 09:47:10;20140616094710
25004903965600001;250;04;220;LANCON;250;04;265;SAINT MARTIN DE CRAU;27/07/2014 12:36:06;20140727123606;27/07/2014 12:21:50;20140727122150
25006980017610002;250;04;220;LANCON;250;04;265;SAINT MARTIN DE CRAU;17/07/2014 11:10:10;20140717111010;17/07/2014 10:56:00;20140717105600
25006980324810003;250;04;220;LANCON;250;04;265;SAINT MARTIN DE CRAU;25/09/2014 10:08:47;20140925100847;25/09/2014 09:54:00;20140925095400
25006980530210003;250;04;220;LANCON;250;04;265;SAINT MARTIN DE CRAU;13/09/2014 10:15:43;20140913101543;13/09/2014 10:01:18;20140913100118
25006982729610002;250;04;220;LANCON;250;04;265;SAINT MARTIN DE CRAU;09/09/2014 09:51:34;20140909095134;09/09/2014 09:37:00;20140909093700
25006982895200001;250;04;220;LANCON;250;04;265;SAINT MARTIN DE CRAU;23/01/2015 12:08:03;20150123120803;23/01/2015 11:53:24;20150123115324
25004903965600001;250;04;220;LANCON;250;04;265;SAINT MARTIN DE CRAU;06/02/2015 15:39:20;20150206153920;06/02/2015 15:25:00;20150206152500
25006982895200001;250;04;220;LANCON;250;04;265;SAINT MARTIN DE CRAU;27/02/2015 17:30:17;20150227173017;27/02/2015 17:16:34;20150227171634
25006980017610002;250;04;220;LANCON;250;04;265;SAINT MARTIN DE CRAU;18/03/2015 17:31:46;20150318173146;18/03/2015 17:17:42;20150318171742
25006981720810003;250;04;220;LANCON;250;04;265;SAINT MARTIN DE CRAU;18/03/2015 17:31:48;20150318173148;18/03/2015 17:17:28;20150318171728
25006982895200001;250;04;220;LANCON;250;04;265;SAINT MARTIN DE CRAU;03/04/2015 21:06:40;20150403210640;03/04/2015 20:53:18;20150403205318
25006982895200001;250;04;220;LANCON;250;04;265;SAINT MARTIN DE CRAU;07/05/2015 14:35:41;20150507143541;07/05/2015 14:21:12;20150507142112
25006982895200001;250;04;220;LANCON;250;04;265;SAINT MARTIN DE CRAU;13/05/2015 13:21:57;20150513132157;13/05/2015 13:07:20;20150513130720
25006981720810003;250;04;220;LANCON;250;04;265;SAINT MARTIN DE CRAU;10/07/2015 09:21:25;20150710092125;10/07/2015 09:06:30;20150710090630
25006982895200001;250;04;220;LANCON;250;04;265;SAINT MARTIN DE CRAU;09/07/2015 18:57:31;20150709185731;09/07/2015 18:43:08;20150709184308
25006982729610002;250;04;226;MONTPELLIER 1;250;04;262;ARLES;29/01/2014 08:28:46;20140129082846;29/01/2014 08:05:32;20140129080532
25004903965600001;250;04;226;MONTPELLIER 1;250;04;262;ARLES;14/03/2014 17:13:17;20140314171317;14/03/2014 16:52:18;20140314165218
25006980324810003;250;04;226;MONTPELLIER 1;250;04;262;ARLES;22/06/2014 16:49:52;20140622164952;22/06/2014 16:29:14;20140622162914
25006980017610002;250;04;226;MONTPELLIER 1;250;04;262;ARLES;21/07/2014 15:36:51;20140721153651;21/07/2014 15:16:20;20140721151620
25004903965600001;250;04;226;MONTPELLIER 1;250;04;262;ARLES;01/08/2014 10:36:41;20140801103641;01/08/2014 10:16:18;20140801101618
25006980530210003;250;04;226;MONTPELLIER 1;250;04;262;ARLES;14/09/2014 13:33:49;20140914133349;14/09/2014 13:14:20;20140914131420
25006982729610002;250;04;226;MONTPELLIER 1;250;04;262;ARLES;17/01/2015 19:30:19;20150117193019;17/01/2015 19:10:04;20150117191004
25006982895200001;250;04;226;MONTPELLIER 1;250;04;262;ARLES;26/01/2015 10:12:52;20150126101252;26/01/2015 09:52:22;20150126095222
25004903965600001;250;04;226;MONTPELLIER 1;250;04;262;ARLES;07/02/2015 19:38:14;20150207193814;07/02/2015 19:17:42;20150207191742
25006980017610002;250;04;226;MONTPELLIER 1;250;04;262;ARLES;19/03/2015 18:04:42;20150319180442;19/03/2015 17:45:18;20150319174518
25006981720810003;250;04;226;MONTPELLIER 1;250;04;262;ARLES;19/03/2015 17:54:38;20150319175438;19/03/2015 17:35:26;20150319173526
25006982895200001;250;04;226;MONTPELLIER 1;250;04;262;ARLES;02/03/2015 12:30:40;20150302123040;02/03/2015 12:08:00;20150302120800
25006982895200001;250;04;226;MONTPELLIER 1;250;04;262;ARLES;07/04/2015 09:50:36;20150407095036;07/04/2015 09:30:14;20150407093014
25006982895200001;250;04;226;MONTPELLIER 1;250;04;262;ARLES;11/05/2015 09:44:38;20150511094438;11/05/2015 09:25:02;20150511092502
25006982895200001;250;04;226;MONTPELLIER 1;250;04;262;ARLES;25/05/2015 23:29:37;20150525232937;25/05/2015 23:10:18;20150525231018
25006981720810003;250;04;226;MONTPELLIER 1;250;04;262;ARLES;13/07/2015 19:18:49;20150713191849;13/07/2015 18:59:10;20150713185910
25006980530210003;250;04;401;MONTAUBAN NORD;250;04;407;GIGNAC;13/06/2014 20:16:30;20140613201630;13/06/2014 19:24:12;20140613192412
25004903965600001;250;04;401;MONTAUBAN NORD;250;04;407;GIGNAC;07/02/2015 10:06:08;20150207100608;07/02/2015 08:47:16;20150207084716
25006982895200001;250;04;981;ST JEAN DE LUZ;250;04;901;BIRIATOU;14/05/2015 12:25:48;20150514122548;;
25004903965600001;250;04;650;LESTELLE;250;04;622;SAMES;28/07/2014 12:35:44;20140728123544;28/07/2014 10:54:36;20140728105436
